[
  {
    "staBuildingID": "ZRTSTB_LX",
    "staBuildingName": "连西站",
    "Conpoints": [
      [
        1539.5,
        -63,
        7042.5
      ],
      [
        1539.5,
        -63,
        7072.5
      ],
      [
        1577.5,
        -63,
        7072.5
      ],
      [
        1577.5,
        -63,
        7042.5
      ]
    ],
    "Floors": [],
    "Stations": [
      {
        "ID": "ZRT13STA_01"
      },
      {
        "ID": "ZRT13STA_02"
      }
    ],
    "Type": "Polygon",
    "Class": "STB",
    "World": 0,
    "CreateTime": "20251225",
    "CreateBy": "639"
  },
  {
    "staBuildingID": "ZRTSTB_LD",
    "staBuildingName": "连东站",
    "Conpoints": [
      [
        1809.5,
        -63,
        7042.5
      ],
      [
        1809.5,
        -63,
        7072.5
      ],
      [
        1847.5,
        -63,
        7072.5
      ],
      [
        1847.5,
        -63,
        7042.5
      ]
    ],
    "Floors": [],
    "Stations": [
      {
        "ID": "ZRT4STA_21"
      },
      {
        "ID": "ZRT13STA_01"
      }
    ],
    "Type": "Polygon",
    "Class": "STB",
    "World": 0,
    "CreateTime": "20251225",
    "CreateBy": "639"
  },
  {
    "staBFloorID": "ZRTSTF_BL_01",
    "staBFloorName": "车站大堂",
    "NofFloor": "1F",
    "Flrpoints": [
      [
        4899.5,
        -63,
        4627.5
      ],
      [
        4899.5,
        -63,
        4640.5
      ],
      [
        4922.5,
        -63,
        4640.5
      ],
      [
        4922.5,
        -63,
        4627.5
      ]
    ],
    "Type": "Polygon",
    "Class": "STF",
    "World": 0,
    "CreateTime": "20251225",
    "CreateBy": "639"
  },
  {
    "staBFloorID": "ZRTSTF_BL_02",
    "staBFloorName": "室外候车大厅",
    "NofFloor": "1F",
    "Flrpoints": [
      [
        4899.5,
        -63,
        4642.5
      ],
      [
        4899.5,
        -63,
        4649.5
      ],
      [
        4956.5,
        -63,
        4649.5
      ],
      [
        4956.5,
        -63,
        4642.5
      ]
    ],
    "Type": "Polygon",
    "Class": "STF",
    "World": 0,
    "CreateTime": "20251225",
    "CreateBy": "639"
  },
  {
    "staBFloorID": "ZRTSTF_BL_03",
    "staBFloorName": "4号线天桥",
    "NofFloor": "2F",
    "Flrpoints": [
      [
        4926.5,
        -63,
        4603.5
      ],
      [
        4926.5,
        -63,
        4626.5
      ],
      [
        4932.5,
        -63,
        4626.5
      ],
      [
        4932.5,
        -63,
        4603.5
      ]
    ],
    "Type": "Polygon",
    "Class": "STF",
    "World": 0,
    "CreateTime": "20251225",
    "CreateBy": "639"
  },
  {
    "staBFloorID": "ZRTSTF_BL_04",
    "staBFloorName": "悬空花园",
    "NofFloor": "2F",
    "Flrpoints": [
      [
        4923.5,
        -63,
        4627.5
      ],
      [
        4923.5,
        -63,
        4635.5
      ],
      [
        4934.5,
        -63,
        4635.5
      ],
      [
        4934.5,
        -63,
        4627.5
      ]
    ],
    "Type": "Polygon",
    "Class": "STF",
    "World": 0,
    "CreateTime": "20251225",
    "CreateBy": "639"
  },
  {
    "staBuildingID": "ZRTSTB_BL",
    "staBuildingName": "白霖站",
    "Conpoints": [
      [
        4897.5,
        -63,
        4603.5
      ],
      [
        4897.5,
        -63,
        4649.5
      ],
      [
        4890.5,
        -63,
        4649.5
      ],
      [
        4890.5,
        -63,
        4656.5
      ],
      [
        4896.5,
        -63,
        4656.5
      ],
      [
        4896.5,
        -63,
        4661.5
      ],
      [
        4929.5,
        -63,
        4661.5
      ],
      [
        4929.5,
        -63,
        4651.5
      ],
      [
        4956.5,
        -63,
        4651.5
      ],
      [
        4956.5,
        -63,
        4635.5
      ],
      [
        4934.5,
        -63,
        4635.5
      ],
      [
        4934.5,
        -63,
        4626.5
      ],
      [
        4932.5,
        -63,
        4626.5
      ],
      [
        4932.5,
        -63,
        4603.5
      ]
    ],
    "Floors": [
      {
        "ID": "ZRTSTF_BL_01"
      },
      {
        "ID": "ZRTSTF_BL_02"
      },
      {
        "ID": "ZRTSTF_BL_03"
      },
      {
        "ID": "ZRTSTF_BL_04"
      }
    ],
    "Stations": [
      {
        "ID": "ZRT1STA_13"
      },
      {
        "ID": "ZRT4STA_10"
      }
    ],
    "Type": "Polygon",
    "Class": "STB",
    "World": 0,
    "CreateTime": "20251225",
    "CreateBy": "639"
  },
  {
    "staBFloorID": "ZRTSTF_SD_01",
    "staBFloorName": "地下主通道",
    "NofFloor": "B1",
    "Flrpoints": [
      [
        5465.5,
        -64,
        4926.5
      ],
      [
        5450.5,
        -64,
        4926.5
      ],
      [
        5450.5,
        -64,
        4948.5
      ],
      [
        5447.5,
        -64,
        4948.5
      ],
      [
        5447.5,
        -64,
        4931.5
      ],
      [
        5441.5,
        -64,
        4931.5
      ],
      [
        5441.5,
        -64,
        4954.5
      ],
      [
        5456.5,
        -64,
        4954.5
      ],
      [
        5456.5,
        -64,
        4932.5
      ],
      [
        5465.5,
        -64,
        4932.5
      ],
      [
        5465.5,
        -64,
        4952.5
      ],
      [
        5471.5,
        -64,
        4952.5
      ],
      [
        5471.5,
        -64,
        4932.5
      ],
      [
        5493.5,
        -64,
        4932.5
      ],
      [
        5493.5,
        -64,
        4907.5
      ],
      [
        5506.5,
        -64,
        4907.5
      ],
      [
        5506.5,
        -64,
        4916.5
      ],
      [
        5512.5,
        -64,
        4916.5
      ],
      [
        5512.5,
        -64,
        4901.5
      ],
      [
        5487.5,
        -64,
        4901.5
      ],
      [
        5487.5,
        -64,
        4926.5
      ],
      [
        5471.5,
        -64,
        4926.5
      ],
      [
        5473.5,
        -64,
        4916.5
      ],
      [
        5473.5,
        -64,
        4873.5
      ],
      [
        5508.5,
        -64,
        4873.5
      ],
      [
        5508.5,
        -64,
        4864.5
      ],
      [
        5437.5,
        -64,
        4864.5
      ],
      [
        5437.5,
        -64,
        4840.5
      ],
      [
        5439.5,
        -64,
        4829.5
      ],
      [
        5437.5,
        -64,
        4818.5
      ],
      [
        5437.5,
        -64,
        4812.5
      ],
      [
        5430.5,
        -64,
        4812.5
      ],
      [
        5430.5,
        -64,
        4818.5
      ],
      [
        5428.5,
        -64,
        4829.5
      ],
      [
        5430.5,
        -64,
        4840.5
      ],
      [
        5430.5,
        -64,
        4864.5
      ],
      [
        5424.5,
        -64,
        4864.5
      ],
      [
        5401.5,
        -64,
        4860.5
      ],
      [
        5378.5,
        -64,
        4864.5
      ],
      [
        5354.5,
        -64,
        4864.5
      ],
      [
        5354.5,
        -64,
        4873.5
      ],
      [
        5378.5,
        -64,
        4873.5
      ],
      [
        5401.5,
        -64,
        4877.5
      ],
      [
        5424.5,
        -64,
        4873.5
      ],
      [
        5430.5,
        -64,
        4873.5
      ],
      [
        5437.5,
        -64,
        4880.5
      ],
      [
        5448.5,
        -64,
        4880.5
      ],
      [
        5448.5,
        -64,
        4876.5
      ],
      [
        5441.5,
        -64,
        4876.5
      ],
      [
        5441.5,
        -64,
        4873.5
      ],
      [
        5463.5,
        -64,
        4873.5
      ],
      [
        5463.5,
        -64,
        4916.5
      ],
      [
        5463.5,
        -64,
        4916.5
      ]
    ],
    "Type": "Polygon",
    "Class": "STF",
    "World": 0,
    "CreateTime": "20251225",
    "CreateBy": "639"
  },
  {
    "staBFloorID": "ZRTSTF_SD_02",
    "staBFloorName": "B2站台天桥",
    "NofFloor": "B1",
    "Flrpoints": [
      [
        5437.5,
        -64,
        4850.5
      ],
      [
        5437.5,
        -64,
        4855.5
      ],
      [
        5526.5,
        -64,
        4855.5
      ],
      [
        5526.5,
        -64,
        4850.5
      ]
    ],
    "Type": "Polygon",
    "Class": "STF",
    "World": 0,
    "CreateTime": "20251225",
    "CreateBy": "639"
  },
  {
    "staBFloorID": "ZRTSTF_SD_03",
    "staBFloorName": "B2站台层",
    "NofFloor": "B2",
    "Flrpoints": [
      [
        5484.5,
        -64,
        4884.5
      ],
      [
        5484.5,
        -64,
        4821.5
      ],
      [
        5446.5,
        -64,
        4821.5
      ],
      [
        5446.5,
        -64,
        4884.5
      ]
    ],
    "Type": "Polygon",
    "Class": "STF",
    "World": 0,
    "CreateTime": "20251225",
    "CreateBy": "639"
  },
  {
    "staBFloorID": "ZRTSTF_SD_04",
    "staBFloorName": "车站大堂",
    "NofFloor": "1F",
    "Flrpoints": [
      [
        5417.5,
        -63,
        4807.5
      ],
      [
        5401.5,
        -63,
        4893.5
      ],
      [
        5435.5,
        -63,
        4893.5
      ],
      [
        5435.5,
        -63,
        4841.5
      ],
      [
        5519.5,
        -63,
        4841.5
      ],
      [
        5519.5,
        -63,
        4812.5
      ],
      [
        5519.5,
        -63,
        4807.5
      ]
    ],
    "Type": "Polygon",
    "Class": "STF",
    "World": 0,
    "CreateTime": "20251225",
    "CreateBy": "639"
  },
  {
    "staBFloorID": "ZRTSTF_SD_05",
    "staBFloorName": "2F候车厅",
    "NofFloor": "2F",
    "Flrpoints": [
      [
        5523.5,
        -63,
        4807.5
      ],
      [
        5523.5,
        -63,
        4841.5
      ],
      [
        5546.5,
        -63,
        4841.5
      ],
      [
        5553.5,
        -63,
        4807.5
      ]
    ],
    "Type": "Polygon",
    "Class": "STF",
    "World": 0,
    "CreateTime": "20251225",
    "CreateBy": "639"
  },
  {
    "staBuildingID": "ZRTSTB_SUD",
    "staBuildingName": "溯东站",
    "Conpoints": [
      [
        5417.5,
        -63,
        4807.5
      ],
      [
        5400.5,
        -63,
        4893.5
      ],
      [
        5433.5,
        -63,
        4893.5
      ],
      [
        5433.5,
        -63,
        4909.5
      ],
      [
        5503.5,
        -63,
        4909.5
      ],
      [
        5503.5,
        -63,
        4893.5
      ],
      [
        5536.5,
        -63,
        4893.5
      ],
      [
        5553.5,
        -63,
        4807.5
      ]
    ],
    "Floors": [
      {
        "ID": "ZRTSTF_SD_01"
      },
      {
        "ID": "ZRTSTF_SD_02"
      },
      {
        "ID": "ZRTSTF_SD_03"
      },
      {
        "ID": "ZRTSTF_SD_04"
      },
      {
        "ID": "ZRTSTF_SD_05"
      }
    ],
    "Stations": [
      {
        "ID": "ZRT1STA_19"
      },
      {
        "ID": "ZRT7STA_06"
      }
    ],
    "Type": "Polygon",
    "Class": "STB",
    "World": 0,
    "CreateTime": "20251225",
    "CreateBy": "639"
  },
  {
    "staBFloorID": "ZRTSTF_QHC_01",
    "staBFloorName": "地下主通道",
    "NofFloor": "B1",
    "Flrpoints": [
      [
        5474.5,
        -64,
        4646.5
      ],
      [
        5461.5,
        -64,
        4646.5
      ],
      [
        5461.5,
        -64,
        4595.5
      ],
      [
        5446.5,
        -64,
        4595.5
      ],
      [
        5446.5,
        -64,
        4661.5
      ],
      [
        5461.5,
        -64,
        4661.5
      ],
      [
        5461.5,
        -64,
        4654.5
      ],
      [
        5474.5,
        -64,
        4654.5
      ]
    ],
    "Type": "Polygon",
    "Class": "STF",
    "World": 0,
    "CreateTime": "20251225",
    "CreateBy": "639"
  },
  {
    "staBuildingID": "ZRTSTB_QHC",
    "staBuildingName": "沁洄川站",
    "Conpoints": [
      [
        5412.5,
        -63,
        4575.5
      ],
      [
        5412.5,
        -63,
        4661.5
      ],
      [
        5488.5,
        -63,
        4661.5
      ],
      [
        5487.5,
        -63,
        4575.5
      ]
    ],
    "Floors": [
      {
        "ID": "ZRTSTF_QHC_01"
      }
    ],
    "Stations": [
      {
        "ID": "ZRT4STA_07"
      },
      {
        "ID": "ZRT7STA_05"
      }
    ],
    "Type": "Polygon",
    "Class": "STB",
    "World": 0,
    "CreateTime": "20251225",
    "CreateBy": "639"
  },
  {
    "staBuildingID": "ZRTSTB_BT",
    "staBuildingName": "北庭站",
    "Conpoints": [
      [
        7450.5,
        -63,
        3942.5
      ],
      [
        7450.5,
        -63,
        3947.5
      ],
      [
        7445.5,
        -63,
        3947.5
      ],
      [
        7445.5,
        -63,
        3987.5
      ],
      [
        7393.5,
        -63,
        3987.5
      ],
      [
        7393.5,
        -63,
        4003.5
      ],
      [
        7363.5,
        -63,
        4003.5
      ],
      [
        7363.5,
        -63,
        4077.5
      ],
      [
        7394.5,
        -63,
        4077.5
      ],
      [
        7394.5,
        -63,
        4094.5
      ],
      [
        7461.5,
        -63,
        4094.5
      ],
      [
        7461.5,
        -63,
        4002.5
      ],
      [
        7468.5,
        -63,
        3985.5
      ],
      [
        7473.5,
        -63,
        3985.5
      ],
      [
        7473.5,
        -63,
        3942.5
      ]
    ],
    "Floors": [],
    "Stations": [
      {
        "ID": "ZRT4STA_01"
      }
    ],
    "Type": "Polygon",
    "Class": "STB",
    "World": 0,
    "CreateTime": "20251225",
    "CreateBy": "639"
  }
]