[
  {
    "LineID": "ZRT1_01C_U",
    "LineName": "溯铁1号线北延段-上行",
    "bureau": "T",
    "line": "1",
    "color": "ED1C24",
    "direction": 1,
    "startplf": "海原",
    "endplf": "黄与红",
    "PLpoints": [
      [
        4760.5,
        -64,
        4090.5
      ],
      [
        4760.5,
        -64,
        3929.5
      ],
      [
        4759.5,
        -64,
        3924.5
      ],
      [
        4758.5,
        -64,
        3920.5
      ],
      [
        4756.5,
        -64,
        3914.5
      ],
      [
        4753.5,
        -64,
        3908.5
      ],
      [
        4747.5,
        -64,
        3900.5
      ],
      [
        4744.5,
        -64,
        3897.5
      ],
      [
        4736.5,
        -64,
        3891.5
      ],
      [
        4730.5,
        -64,
        3888.5
      ],
      [
        4724.5,
        -64,
        3886.5
      ],
      [
        4716.5,
        -64,
        3884.5
      ],
      [
        4712.5,
        -64,
        3884.5
      ],
      [
        4480.5,
        -64,
        3884.5
      ],
      [
        4472.5,
        -64,
        3882.5
      ],
      [
        4466.5,
        -64,
        3880.5
      ],
      [
        4460.5,
        -64,
        3877.5
      ],
      [
        4449.5,
        -64,
        3868.5
      ],
      [
        4443.5,
        -64,
        3860.5
      ],
      [
        4440.5,
        -64,
        3854.5
      ],
      [
        4438.5,
        -64,
        3848.5
      ],
      [
        4437.5,
        -64,
        3844.5
      ],
      [
        4436.5,
        -64,
        3839.5
      ],
      [
        4436.5,
        -64,
        3834.5
      ],
      [
        4436.5,
        -64,
        3166.5
      ],
      [
        4434.5,
        -64,
        3157.5
      ],
      [
        4432.5,
        -64,
        3151.5
      ],
      [
        4429.5,
        -64,
        3145.5
      ],
      [
        4423.5,
        -64,
        3137.5
      ],
      [
        4420.5,
        -64,
        3134.5
      ],
      [
        4412.5,
        -64,
        3128.5
      ],
      [
        4406.5,
        -64,
        3125.5
      ],
      [
        4400.5,
        -64,
        3123.5
      ],
      [
        4392.5,
        -64,
        3121.5
      ],
      [
        4387.5,
        -64,
        3121.5
      ],
      [
        1075.5,
        -64,
        3121.5
      ],
      [
        1067.5,
        -64,
        3119.5
      ],
      [
        1061.5,
        -64,
        3117.5
      ],
      [
        1055.5,
        -64,
        3114.5
      ],
      [
        1047.5,
        -64,
        3108.5
      ],
      [
        1044.5,
        -64,
        3105.5
      ],
      [
        1038.5,
        -64,
        3097.5
      ],
      [
        1035.5,
        -64,
        3091.5
      ],
      [
        1033.5,
        -64,
        3085.5
      ],
      [
        1032.5,
        -64,
        3081.5
      ],
      [
        1031.5,
        -64,
        3076.5
      ],
      [
        1031.5,
        -64,
        2746.5
      ]
    ],
    "Type": "Polyline",
    "Class": "RLE",
    "World": 0,
    "CreateTime": "20251223",
    "CreateBy": "639",
    "ModifityTime": "20251224",
    "ModifityBy": "639"
  }
]