[
  {
    "LineID": "ZRT13_01B_D",
    "LineName": "溯铁13号线大陆段-下行",
    "bureau": "T",
    "line": "13",
    "color": "63707E",
    "direction": 0,
    "startplf": "连东",
    "endplf": "桐山",
    "PLpoints": [
      [
        1828.5,
        -64,
        7069.5
      ],
      [
        1747.5,
        -64,
        7069.5
      ],
      [
        1737.5,
        -64,
        7068.5
      ],
      [
        1730.5,
        -64,
        7067.5
      ],
      [
        1724.5,
        -64,
        7066.5
      ],
      [
        1715.5,
        -64,
        7064.5
      ],
      [
        1711.5,
        -64,
        7063.5
      ],
      [
        1675.5,
        -64,
        7051.5
      ],
      [
        1671.5,
        -64,
        7050.5
      ],
      [
        1662.5,
        -64,
        7048.5
      ],
      [
        1656.5,
        -64,
        7047.5
      ],
      [
        1649.5,
        -64,
        7046.5
      ],
      [
        1639.5,
        -64,
        7045.5
      ],
      [
        1484.5,
        -64,
        7045.5
      ],
      [
        1478.5,
        -64,
        7046.5
      ],
      [
        1474.5,
        -64,
        7047.5
      ],
      [
        1471.5,
        -64,
        7048.5
      ],
      [
        1465.5,
        -64,
        7050.5
      ],
      [
        1455.5,
        -64,
        7055.5
      ],
      [
        1449.5,
        -64,
        7059.5
      ],
      [
        1445.5,
        -64,
        7062.5
      ],
      [
        1436.5,
        -64,
        7071.5
      ],
      [
        1433.5,
        -64,
        7075.5
      ],
      [
        1429.5,
        -64,
        7081.5
      ],
      [
        1424.5,
        -64,
        7091.5
      ],
      [
        1422.5,
        -64,
        7097.5
      ],
      [
        1421.5,
        -64,
        7100.5
      ],
      [
        1420.5,
        -64,
        7104.5
      ],
      [
        1419.5,
        -64,
        7110.5
      ],
      [
        1419.5,
        -64,
        7127.5
      ],
      [
        1420.5,
        -64,
        7133.5
      ],
      [
        1421.5,
        -64,
        7137.5
      ],
      [
        1423.5,
        -64,
        7143.5
      ],
      [
        1425.5,
        -64,
        7148.5
      ],
      [
        1433.5,
        -64,
        7162.5
      ],
      [
        1435.5,
        -64,
        7167.5
      ],
      [
        1437.5,
        -64,
        7173.5
      ],
      [
        1438.5,
        -64,
        7177.5
      ],
      [
        1439.5,
        -64,
        7183.5
      ],
      [
        1439.5,
        -64,
        7877.5
      ],
      [
        1438.5,
        -64,
        7882.5
      ],
      [
        1437.5,
        -64,
        7886.5
      ],
      [
        1435.5,
        -64,
        7891.5
      ],
      [
        1431.5,
        -64,
        7898.5
      ],
      [
        1428.5,
        -64,
        7902.5
      ],
      [
        1423.5,
        -64,
        7907.5
      ],
      [
        1419.5,
        -64,
        7910.5
      ],
      [
        1412.5,
        -64,
        7914.5
      ],
      [
        1407.5,
        -64,
        7916.5
      ],
      [
        1403.5,
        -64,
        7917.5
      ],
      [
        1398.5,
        -64,
        7918.5
      ],
      [
        1192.5,
        -64,
        7918.5
      ],
      [
        1187.5,
        -64,
        7919.5
      ],
      [
        1183.5,
        -64,
        7920.5
      ],
      [
        1178.5,
        -64,
        7922.5
      ],
      [
        1171.5,
        -64,
        7926.5
      ],
      [
        1167.5,
        -64,
        7929.5
      ],
      [
        1159.5,
        -64,
        7937.5
      ],
      [
        1156.5,
        -64,
        7941.5
      ],
      [
        1152.5,
        -64,
        7948.5
      ],
      [
        1150.5,
        -64,
        7953.5
      ],
      [
        1149.5,
        -64,
        7957.5
      ],
      [
        1148.5,
        -64,
        7962.5
      ],
      [
        1148.5,
        -64,
        9687.5
      ],
      [
        1147.5,
        -64,
        9692.5
      ],
      [
        1146.5,
        -64,
        9696.5
      ],
      [
        1144.5,
        -64,
        9701.5
      ],
      [
        1140.5,
        -64,
        9708.5
      ],
      [
        1137.5,
        -64,
        9712.5
      ],
      [
        1132.5,
        -64,
        9717.5
      ],
      [
        1128.5,
        -64,
        9720.5
      ],
      [
        1121.5,
        -64,
        9724.5
      ],
      [
        1116.5,
        -64,
        9726.5
      ],
      [
        1112.5,
        -64,
        9727.5
      ],
      [
        1107.5,
        -64,
        9728.5
      ],
      [
        817.5,
        -64,
        9728.5
      ]
    ],
    "Type": "Polyline",
    "Class": "RLE",
    "World": 0,
    "CreateTime": "20251224",
    "CreateBy": "639"
  }
]