[
  {
    "LineID": "ZRT1_01D",
    "LineName": "溯铁1号线湾东段",
    "bureau": "T",
    "line": "1",
    "color": "ED1C24",
    "direction": 3,
    "startplf": "溯东",
    "endplf": "幽南高架东",
    "PLpoints": [
      [
        5468.5,
        -64,
        4896.5
      ],
      [
        5982.5,
        -64,
        4896.5
      ]
    ],
    "Type": "Polyline",
    "Class": "RLE",
    "World": 0,
    "CreateTime": "20251223",
    "CreateBy": "639"
  }
]