[
  {
    "LineID": "ZRT13_01B_U",
    "LineName": "溯铁13号线大陆段-上行",
    "bureau": "T",
    "line": "13",
    "color": "63707E",
    "direction": 1,
    "startplf": "桐山",
    "endplf": "连东",
    "PLpoints": [
      [
        817.5,
        -64,
        9732.5
      ],
      [
        1108.5,
        -64,
        9732.5
      ],
      [
        1113.5,
        -64,
        9731.5
      ],
      [
        1117.5,
        -64,
        9730.5
      ],
      [
        1122.5,
        -64,
        9728.5
      ],
      [
        1126.5,
        -64,
        9726.5
      ],
      [
        1129.5,
        -64,
        9724.5
      ],
      [
        1133.5,
        -64,
        9721.5
      ],
      [
        1141.5,
        -64,
        9713.5
      ],
      [
        1144.5,
        -64,
        9709.5
      ],
      [
        1146.5,
        -64,
        9706.5
      ],
      [
        1148.5,
        -64,
        9702.5
      ],
      [
        1150.5,
        -64,
        9697.5
      ],
      [
        1151.5,
        -64,
        9693.5
      ],
      [
        1152.5,
        -64,
        9688.5
      ],
      [
        1152.5,
        -64,
        7963.5
      ],
      [
        1153.5,
        -64,
        7958.5
      ],
      [
        1154.5,
        -64,
        7954.5
      ],
      [
        1156.5,
        -64,
        7949.5
      ],
      [
        1158.5,
        -64,
        7945.5
      ],
      [
        1160.5,
        -64,
        7942.5
      ],
      [
        1163.5,
        -64,
        7938.5
      ],
      [
        1168.5,
        -64,
        7933.5
      ],
      [
        1172.5,
        -64,
        7930.5
      ],
      [
        1175.5,
        -64,
        7928.5
      ],
      [
        1179.5,
        -64,
        7926.5
      ],
      [
        1184.5,
        -64,
        7924.5
      ],
      [
        1188.5,
        -64,
        7923.5
      ],
      [
        1193.5,
        -64,
        7922.5
      ],
      [
        1399.5,
        -64,
        7922.5
      ],
      [
        1404.5,
        -64,
        7921.5
      ],
      [
        1408.5,
        -64,
        7920.5
      ],
      [
        1413.5,
        -64,
        7918.5
      ],
      [
        1417.5,
        -64,
        7916.5
      ],
      [
        1420.5,
        -64,
        7914.5
      ],
      [
        1424.5,
        -64,
        7911.5
      ],
      [
        1432.5,
        -64,
        7903.5
      ],
      [
        1435.5,
        -64,
        7899.5
      ],
      [
        1437.5,
        -64,
        7896.5
      ],
      [
        1439.5,
        -64,
        7892.5
      ],
      [
        1441.5,
        -64,
        7887.5
      ],
      [
        1442.5,
        -64,
        7883.5
      ],
      [
        1443.5,
        -64,
        7878.5
      ],
      [
        1443.5,
        -64,
        7112.5
      ],
      [
        1444.5,
        -64,
        7107.5
      ],
      [
        1445.5,
        -64,
        7103.5
      ],
      [
        1447.5,
        -64,
        7098.5
      ],
      [
        1449.5,
        -64,
        7094.5
      ],
      [
        1451.5,
        -64,
        7091.5
      ],
      [
        1454.5,
        -64,
        7087.5
      ],
      [
        1461.5,
        -64,
        7080.5
      ],
      [
        1465.5,
        -64,
        7077.5
      ],
      [
        1468.5,
        -64,
        7075.5
      ],
      [
        1472.5,
        -64,
        7073.5
      ],
      [
        1477.5,
        -64,
        7071.5
      ],
      [
        1481.5,
        -64,
        7070.5
      ],
      [
        1486.5,
        -64,
        7069.5
      ],
      [
        1639.5,
        -64,
        7069.5
      ],
      [
        1649.5,
        -64,
        7068.5
      ],
      [
        1656.5,
        -64,
        7067.5
      ],
      [
        1662.5,
        -64,
        7066.5
      ],
      [
        1671.5,
        -64,
        7064.5
      ],
      [
        1675.5,
        -64,
        7063.5
      ],
      [
        1711.5,
        -64,
        7051.5
      ],
      [
        1715.5,
        -64,
        7050.5
      ],
      [
        1724.5,
        -64,
        7048.5
      ],
      [
        1730.5,
        -64,
        7047.5
      ],
      [
        1737.5,
        -64,
        7046.5
      ],
      [
        1747.5,
        -64,
        7045.5
      ],
      [
        1828.5,
        -64,
        7045.5
      ]
    ],
    "Type": "Polyline",
    "Class": "RLE",
    "World": 0,
    "CreateTime": "20251224",
    "CreateBy": "639",
    "ModifityTime": "20251224",
    "ModifityBy": "639"
  }
]