[
  {
    "LineID": "ZRT1_01B_U",
    "LineName": "溯铁1号线白霖段-上行",
    "bureau": "T",
    "line": "1",
    "color": "ED1C24",
    "direction": 1,
    "startplf": "北城外",
    "endplf": "海原",
    "PLpoints": [
      [
        4987.5,
        -64,
        4783.5
      ],
      [
        4987.5,
        -64,
        4636
      ],
      [
        4984,
        -64,
        4629.5
      ],
      [
        4981,
        -64,
        4627
      ],
      [
        4974.5,
        -64,
        4624.5
      ],
      [
        4893.5,
        -64,
        4624.5
      ],
      [
        4884.5,
        -64,
        4621.5
      ],
      [
        4882.5,
        -64,
        4618
      ],
      [
        4879.5,
        -64,
        4609.5
      ],
      [
        4879.5,
        -64,
        4396.5
      ],
      [
        4876.5,
        -64,
        4391
      ],
      [
        4873,
        -64,
        4388
      ],
      [
        4866.5,
        -64,
        4385.5
      ],
      [
        4773,
        -64,
        4385.5
      ],
      [
        4766.5,
        -64,
        4382.5
      ],
      [
        4762.5,
        -64,
        4378.5
      ],
      [
        4760.5,
        -64,
        4372.5
      ],
      [
        4760.5,
        -64,
        4367
      ],
      [
        4760.5,
        -64,
        4089.5
      ]
    ],
    "Type": "Polyline",
    "Class": "RLE",
    "World": 0,
    "CreateTime": "20251223",
    "CreateBy": "639",
    "ModifityTime": "20251224",
    "ModifityBy": "639"
  }
]