[
  {
    "LineID": "ZRT1_01A_D",
    "LineName": "溯铁1号线山内段-下行",
    "bureau": "T",
    "line": "1",
    "color": "ED1C24",
    "direction": 0,
    "startplf": "北城外",
    "endplf": "溯东",
    "PLpoints": [
      [
        4987.5,
        -64,
        4783.5
      ],
      [
        4987.5,
        65,
        4835.5
      ],
      [
        4989.5,
        65,
        4840.5
      ],
      [
        4991.5,
        65,
        4842.5
      ],
      [
        4996.5,
        65,
        4844.5
      ],
      [
        5006.5,
        64,
        4844.5
      ],
      [
        5010.5,
        64,
        4846.5
      ],
      [
        5012.5,
        64,
        4848.5
      ],
      [
        5014.5,
        64,
        4852.5
      ],
      [
        5014.5,
        64,
        4893.5
      ],
      [
        5016.5,
        64,
        4898.5
      ],
      [
        5018.5,
        64,
        4900.5
      ],
      [
        5023.5,
        64,
        4902.5
      ],
      [
        5043.5,
        66,
        4902.5
      ],
      [
        5049.5,
        66,
        4904.5
      ],
      [
        5051.5,
        67,
        4906.5
      ],
      [
        5053.5,
        67,
        4912.5
      ],
      [
        5053.5,
        69,
        4962.5
      ],
      [
        5053.5,
        69,
        4967.5
      ],
      [
        5056.5,
        69,
        4975.5
      ],
      [
        5059.5,
        69,
        4978.5
      ],
      [
        5067.5,
        69,
        4981.5
      ],
      [
        5093.5,
        69,
        4981.5
      ],
      [
        5103.5,
        67,
        4981.5
      ],
      [
        5147.5,
        67,
        4981.5
      ],
      [
        5153.5,
        67,
        4978.5
      ],
      [
        5156.5,
        67,
        4975.5
      ],
      [
        5159.5,
        67,
        4969.5
      ],
      [
        5159.5,
        67,
        4909.5
      ],
      [
        5162.5,
        67,
        4902.5
      ],
      [
        5165.5,
        67,
        4899.5
      ],
      [
        5172.5,
        67,
        4896.5
      ],
      [
        5468.5,
        68,
        4896.5
      ]
    ],
    "Type": "Polyline",
    "Class": "RLE",
    "World": 0,
    "CreateTime": "20251223",
    "CreateBy": "639",
    "ModifityTime": "20251224",
    "ModifityBy": "639"
  }
]