[
  {
    "LineID": "ZRT13_01B_D",
    "LineName": "溯铁13号线大陆段-下行",
    "bureau": "T",
    "line": "13",
    "color": "63707E",
    "direction": 0,
    "startplf": "连东",
    "endplf": "桐山",
    "PLpoints": [
      [
        1828.5,
        -64,
        7069.5
      ],
      [
        1747.5,
        -64,
        7069.5
      ],
      [
        1737.5,
        -64,
        7068.5
      ],
      [
        1730.5,
        -64,
        7067.5
      ],
      [
        1724.5,
        -64,
        7066.5
      ],
      [
        1715.5,
        -64,
        7064.5
      ],
      [
        1711.5,
        -64,
        7063.5
      ],
      [
        1675.5,
        -64,
        7051.5
      ],
      [
        1671.5,
        -64,
        7050.5
      ],
      [
        1662.5,
        -64,
        7048.5
      ],
      [
        1656.5,
        -64,
        7047.5
      ],
      [
        1649.5,
        -64,
        7046.5
      ],
      [
        1639.5,
        -64,
        7045.5
      ],
      [
        1484.5,
        -64,
        7045.5
      ],
      [
        1478.5,
        -64,
        7046.5
      ],
      [
        1474.5,
        -64,
        7047.5
      ],
      [
        1471.5,
        -64,
        7048.5
      ],
      [
        1465.5,
        -64,
        7050.5
      ],
      [
        1455.5,
        -64,
        7055.5
      ],
      [
        1449.5,
        -64,
        7059.5
      ],
      [
        1445.5,
        -64,
        7062.5
      ],
      [
        1436.5,
        -64,
        7071.5
      ],
      [
        1433.5,
        -64,
        7075.5
      ],
      [
        1429.5,
        -64,
        7081.5
      ],
      [
        1424.5,
        -64,
        7091.5
      ],
      [
        1422.5,
        -64,
        7097.5
      ],
      [
        1421.5,
        -64,
        7100.5
      ],
      [
        1420.5,
        -64,
        7104.5
      ],
      [
        1419.5,
        -64,
        7110.5
      ],
      [
        1419.5,
        -64,
        7127.5
      ],
      [
        1420.5,
        -64,
        7133.5
      ],
      [
        1421.5,
        -64,
        7137.5
      ],
      [
        1423.5,
        -64,
        7143.5
      ],
      [
        1425.5,
        -64,
        7148.5
      ],
      [
        1433.5,
        -64,
        7162.5
      ],
      [
        1435.5,
        -64,
        7167.5
      ],
      [
        1437.5,
        -64,
        7173.5
      ],
      [
        1438.5,
        -64,
        7177.5
      ],
      [
        1439.5,
        -64,
        7183.5
      ],
      [
        1439.5,
        -64,
        7877.5
      ],
      [
        1438.5,
        -64,
        7882.5
      ],
      [
        1437.5,
        -64,
        7886.5
      ],
      [
        1435.5,
        -64,
        7891.5
      ],
      [
        1431.5,
        -64,
        7898.5
      ],
      [
        1428.5,
        -64,
        7902.5
      ],
      [
        1423.5,
        -64,
        7907.5
      ],
      [
        1419.5,
        -64,
        7910.5
      ],
      [
        1412.5,
        -64,
        7914.5
      ],
      [
        1407.5,
        -64,
        7916.5
      ],
      [
        1403.5,
        -64,
        7917.5
      ],
      [
        1398.5,
        -64,
        7918.5
      ],
      [
        1192.5,
        -64,
        7918.5
      ],
      [
        1187.5,
        -64,
        7919.5
      ],
      [
        1183.5,
        -64,
        7920.5
      ],
      [
        1178.5,
        -64,
        7922.5
      ],
      [
        1171.5,
        -64,
        7926.5
      ],
      [
        1167.5,
        -64,
        7929.5
      ],
      [
        1159.5,
        -64,
        7937.5
      ],
      [
        1156.5,
        -64,
        7941.5
      ],
      [
        1152.5,
        -64,
        7948.5
      ],
      [
        1150.5,
        -64,
        7953.5
      ],
      [
        1149.5,
        -64,
        7957.5
      ],
      [
        1148.5,
        -64,
        7962.5
      ],
      [
        1148.5,
        -64,
        9687.5
      ],
      [
        1147.5,
        -64,
        9692.5
      ],
      [
        1146.5,
        -64,
        9696.5
      ],
      [
        1144.5,
        -64,
        9701.5
      ],
      [
        1140.5,
        -64,
        9708.5
      ],
      [
        1137.5,
        -64,
        9712.5
      ],
      [
        1132.5,
        -64,
        9717.5
      ],
      [
        1128.5,
        -64,
        9720.5
      ],
      [
        1121.5,
        -64,
        9724.5
      ],
      [
        1116.5,
        -64,
        9726.5
      ],
      [
        1112.5,
        -64,
        9727.5
      ],
      [
        1107.5,
        -64,
        9728.5
      ],
      [
        817.5,
        -64,
        9728.5
      ]
    ],
    "Type": "Polyline",
    "Class": "RLE",
    "World": 0,
    "CreateTime": "20251224",
    "CreateBy": "639"
  },
  {
    "LineID": "ZRT13_01B_U",
    "LineName": "溯铁13号线大陆段-上行",
    "bureau": "T",
    "line": "13",
    "color": "63707E",
    "direction": 1,
    "startplf": "桐山",
    "endplf": "连东",
    "PLpoints": [
      [
        817.5,
        -64,
        9732.5
      ],
      [
        1108.5,
        -64,
        9732.5
      ],
      [
        1113.5,
        -64,
        9731.5
      ],
      [
        1117.5,
        -64,
        9730.5
      ],
      [
        1122.5,
        -64,
        9728.5
      ],
      [
        1126.5,
        -64,
        9726.5
      ],
      [
        1129.5,
        -64,
        9724.5
      ],
      [
        1133.5,
        -64,
        9721.5
      ],
      [
        1141.5,
        -64,
        9713.5
      ],
      [
        1144.5,
        -64,
        9709.5
      ],
      [
        1146.5,
        -64,
        9706.5
      ],
      [
        1148.5,
        -64,
        9702.5
      ],
      [
        1150.5,
        -64,
        9697.5
      ],
      [
        1151.5,
        -64,
        9693.5
      ],
      [
        1152.5,
        -64,
        9688.5
      ],
      [
        1152.5,
        -64,
        7963.5
      ],
      [
        1153.5,
        -64,
        7958.5
      ],
      [
        1154.5,
        -64,
        7954.5
      ],
      [
        1156.5,
        -64,
        7949.5
      ],
      [
        1158.5,
        -64,
        7945.5
      ],
      [
        1160.5,
        -64,
        7942.5
      ],
      [
        1163.5,
        -64,
        7938.5
      ],
      [
        1168.5,
        -64,
        7933.5
      ],
      [
        1172.5,
        -64,
        7930.5
      ],
      [
        1175.5,
        -64,
        7928.5
      ],
      [
        1179.5,
        -64,
        7926.5
      ],
      [
        1184.5,
        -64,
        7924.5
      ],
      [
        1188.5,
        -64,
        7923.5
      ],
      [
        1193.5,
        -64,
        7922.5
      ],
      [
        1399.5,
        -64,
        7922.5
      ],
      [
        1404.5,
        -64,
        7921.5
      ],
      [
        1408.5,
        -64,
        7920.5
      ],
      [
        1413.5,
        -64,
        7918.5
      ],
      [
        1417.5,
        -64,
        7916.5
      ],
      [
        1420.5,
        -64,
        7914.5
      ],
      [
        1424.5,
        -64,
        7911.5
      ],
      [
        1432.5,
        -64,
        7903.5
      ],
      [
        1435.5,
        -64,
        7899.5
      ],
      [
        1437.5,
        -64,
        7896.5
      ],
      [
        1439.5,
        -64,
        7892.5
      ],
      [
        1441.5,
        -64,
        7887.5
      ],
      [
        1442.5,
        -64,
        7883.5
      ],
      [
        1443.5,
        -64,
        7878.5
      ],
      [
        1443.5,
        -64,
        7112.5
      ],
      [
        1444.5,
        -64,
        7107.5
      ],
      [
        1445.5,
        -64,
        7103.5
      ],
      [
        1447.5,
        -64,
        7098.5
      ],
      [
        1449.5,
        -64,
        7094.5
      ],
      [
        1451.5,
        -64,
        7091.5
      ],
      [
        1454.5,
        -64,
        7087.5
      ],
      [
        1461.5,
        -64,
        7080.5
      ],
      [
        1465.5,
        -64,
        7077.5
      ],
      [
        1468.5,
        -64,
        7075.5
      ],
      [
        1472.5,
        -64,
        7073.5
      ],
      [
        1477.5,
        -64,
        7071.5
      ],
      [
        1481.5,
        -64,
        7070.5
      ],
      [
        1486.5,
        -64,
        7069.5
      ],
      [
        1639.5,
        -64,
        7069.5
      ],
      [
        1649.5,
        -64,
        7068.5
      ],
      [
        1656.5,
        -64,
        7067.5
      ],
      [
        1662.5,
        -64,
        7066.5
      ],
      [
        1671.5,
        -64,
        7064.5
      ],
      [
        1675.5,
        -64,
        7063.5
      ],
      [
        1711.5,
        -64,
        7051.5
      ],
      [
        1715.5,
        -64,
        7050.5
      ],
      [
        1724.5,
        -64,
        7048.5
      ],
      [
        1730.5,
        -64,
        7047.5
      ],
      [
        1737.5,
        -64,
        7046.5
      ],
      [
        1747.5,
        -64,
        7045.5
      ],
      [
        1828.5,
        -64,
        7045.5
      ]
    ],
    "Type": "Polyline",
    "Class": "RLE",
    "World": 0,
    "CreateTime": "20251224",
    "CreateBy": "639",
    "ModifityTime": "20251224",
    "ModifityBy": "639"
  },
  {
    "LineID": "ZRT13_01B",
    "LineName": "溯铁13号线大陆段",
    "bureau": "T",
    "line": "13",
    "color": "63707E",
    "direction": 3,
    "startplf": "桐山",
    "endplf": "连东",
    "PLpoints": [
      [
        817.5,
        -64,
        9730.5
      ],
      [
        1097.5,
        -64,
        9730.5
      ],
      [
        1108.5,
        -64,
        9729.5
      ],
      [
        1114.5,
        -64,
        9728.5
      ],
      [
        1120.5,
        -64,
        9726.5
      ],
      [
        1126.5,
        -64,
        9723.5
      ],
      [
        1133.5,
        -64,
        9718.5
      ],
      [
        1138.5,
        -64,
        9713.5
      ],
      [
        1143.5,
        -64,
        9706.5
      ],
      [
        1146.5,
        -64,
        9700.5
      ],
      [
        1148.5,
        -64,
        9694.5
      ],
      [
        1149.5,
        -64,
        9688.5
      ],
      [
        1150.5,
        -64,
        9677.5
      ],
      [
        1150.5,
        -64,
        7967.5
      ],
      [
        1152.5,
        -64,
        7956.5
      ],
      [
        1154.5,
        -64,
        7950.5
      ],
      [
        1157.5,
        -64,
        7944.5
      ],
      [
        1162.5,
        -64,
        7937.5
      ],
      [
        1167.5,
        -64,
        7932.5
      ],
      [
        1174.5,
        -64,
        7927.5
      ],
      [
        1180.5,
        -64,
        7924.5
      ],
      [
        1186.5,
        -64,
        7922.5
      ],
      [
        1197.5,
        -64,
        7920.5
      ],
      [
        1392.5,
        -64,
        7920.5
      ],
      [
        1405.5,
        -64,
        7918.5
      ],
      [
        1411.5,
        -64,
        7916.5
      ],
      [
        1417.5,
        -64,
        7913.5
      ],
      [
        1424.5,
        -64,
        7908.5
      ],
      [
        1429.5,
        -64,
        7903.5
      ],
      [
        1434.5,
        -64,
        7896.5
      ],
      [
        1437.5,
        -64,
        7890.5
      ],
      [
        1439.5,
        -64,
        7884.5
      ],
      [
        1441.5,
        -64,
        7871.5
      ],
      [
        1441.5,
        -64,
        7112.5
      ],
      [
        1441.5,
        -64,
        7097.5
      ],
      [
        1445.5,
        -64,
        7082.5
      ],
      [
        1453.5,
        -64,
        7071.5
      ],
      [
        1464.5,
        -64,
        7063.5
      ],
      [
        1480.5,
        -64,
        7058.5
      ],
      [
        1489.5,
        -64,
        7057.5
      ],
      [
        1828.5,
        -64,
        7057.5
      ]
    ],
    "Type": "Polyline",
    "Class": "RLE",
    "World": 0,
    "CreateTime": "20251224",
    "CreateBy": "639"
  },
  {
    "LineID": "ZRTL1_01A",
    "LineName": "溯铁4/13号线-星台联络线",
    "bureau": "T",
    "color": "ED1C24",
    "direction": 4,
    "startplf": "连东东分离口",
    "endplf": "星台南接入口",
    "PLpoints": [
      [
        1916.5,
        -64,
        7045.5
      ],
      [
        1935.5,
        -64,
        7045.5
      ],
      [
        1943.5,
        -64,
        7043.5
      ],
      [
        1956.5,
        -64,
        7037.5
      ],
      [
        1964.5,
        -64,
        7029.5
      ],
      [
        1969.5,
        -64,
        7022.5
      ],
      [
        1972.5,
        -64,
        7011.5
      ],
      [
        1973.5,
        -64,
        7007.5
      ],
      [
        1973.5,
        -64,
        6992.5
      ],
      [
        1972.5,
        -64,
        6986.5
      ],
      [
        1971.5,
        -64,
        6982.5
      ],
      [
        1970.5,
        -64,
        6979.5
      ],
      [
        1969.5,
        -64,
        6976.5
      ],
      [
        1968.5,
        -64,
        6973.5
      ],
      [
        1964.5,
        -64,
        6965.5
      ],
      [
        1960.5,
        -64,
        6959.5
      ],
      [
        1957.5,
        -64,
        6955.5
      ],
      [
        1949.5,
        -64,
        6948.5
      ],
      [
        1946.5,
        -64,
        6944.5
      ],
      [
        1942.5,
        -64,
        6938.5
      ],
      [
        1938.5,
        -64,
        6930.5
      ],
      [
        1937.5,
        -64,
        6927.5
      ],
      [
        1936.5,
        -64,
        6924.5
      ],
      [
        1935.5,
        -64,
        6921.5
      ],
      [
        1934.5,
        -64,
        6917.5
      ],
      [
        1933.5,
        -64,
        6911.5
      ]
    ],
    "Type": "Polyline",
    "Class": "RLE",
    "World": 0,
    "CreateTime": "20251224",
    "CreateBy": "639"
  },
  {
    "LineID": "ZRTL1_01B",
    "LineName": "溯铁4/13号线-星台联络线南接口",
    "bureau": "T",
    "color": "63707E",
    "direction": 4,
    "startplf": "连东",
    "endplf": "连东东分离口",
    "PLpoints": [
      [
        1828.5,
        -64,
        7045.5
      ],
      [
        1916.5,
        -64,
        7045.5
      ]
    ],
    "Type": "Polyline",
    "Class": "RLE",
    "World": 0,
    "CreateTime": "20251224",
    "CreateBy": "639"
  },
  {
    "platformID": "ZRT13PLF_01_D",
    "platformName": "连东站-1站台",
    "Situation": true,
    "Connect": true,
    "coordinate": {
      "x": 1828.5,
      "z": 7069.5
    },
    "lines": [
      {
        "ID": "ZRT13_01B_D",
        "Avaliable": true,
        "Overtaking": false,
        "getin": true,
        "getout": true,
        "NextOT": false
      }
    ],
    "Type": "Points",
    "Class": "PLF",
    "World": 0,
    "CreateTime": "20251225",
    "CreateBy": "639"
  },
  {
    "platformID": "ZRT13PLF_01_U",
    "platformName": "连东站-2站台",
    "Situation": true,
    "Connect": true,
    "coordinate": {
      "x": 1828.5,
      "z": 7045.5
    },
    "lines": [
      {
        "ID": "ZRT13_01B_U",
        "Avaliable": true,
        "Overtaking": false,
        "getin": true,
        "getout": true,
        "NextOT": false
      },
      {
        "ID": "ZRTL1_01B",
        "Avaliable": true,
        "Overtaking": false,
        "getin": true,
        "getout": true,
        "NextOT": false
      }
    ],
    "Type": "Points",
    "Class": "PLF",
    "World": 0,
    "CreateTime": "20251225",
    "CreateBy": "639"
  },
  {
    "stationID": "ZRT13STA_01",
    "stationName": "连东站",
    "coordinate": {
      "x": 1828.5,
      "z": 7057.5
    },
    "platforms": [
      {
        "ID": "ZRT13PLF_01_D"
      },
      {
        "ID": "ZRT13PLF_01_U"
      }
    ],
    "Type": "Points",
    "Class": "STA",
    "World": 0,
    "CreateTime": "20251225",
    "CreateBy": "639"
  },
  {
    "platformID": "ZRT13PLF_02_D",
    "platformName": "连西站-1站台",
    "Situation": true,
    "Connect": true,
    "coordinate": {
      "x": 1558.5,
      "z": 7045.5
    },
    "lines": [
      {
        "ID": "连西站-1站台",
        "Avaliable": true,
        "Overtaking": false,
        "getin": true,
        "getout": true,
        "NextOT": false
      }
    ],
    "Type": "Points",
    "Class": "PLF",
    "World": 0,
    "CreateTime": "20251225",
    "CreateBy": "639"
  },
  {
    "platformID": "ZRT13PLF_02_U",
    "platformName": "连西站-2站台",
    "Situation": true,
    "Connect": true,
    "coordinate": {
      "x": 1558.5,
      "z": 7069.5
    },
    "lines": [
      {
        "ID": "ZRT13_01B_U",
        "Avaliable": true,
        "Overtaking": false,
        "getin": true,
        "getout": true,
        "NextOT": false
      }
    ],
    "Type": "Points",
    "Class": "PLF",
    "World": 0,
    "CreateTime": "20251225",
    "CreateBy": "639"
  },
  {
    "stationID": "ZRT13STA_02",
    "stationName": "连西站",
    "coordinate": {
      "x": 1558.5,
      "z": 7057.5
    },
    "platforms": [
      {
        "ID": "ZRT13PLF_02_D"
      },
      {
        "ID": "ZRT13PLF_02_U"
      }
    ],
    "Type": "Points",
    "Class": "STA",
    "World": 0,
    "CreateTime": "20251225",
    "CreateBy": "639"
  },
  {
    "platformID": "ZRT13PLF_03_D",
    "platformName": "狭原站-1站台",
    "Situation": true,
    "Connect": true,
    "coordinate": {
      "x": 1439.5,
      "z": 7691.5
    },
    "lines": [
      {
        "ID": "ZRT13_01B_D",
        "Avaliable": true,
        "Overtaking": false,
        "getin": true,
        "getout": true,
        "NextOT": false
      }
    ],
    "Type": "Points",
    "Class": "PLF",
    "World": 0,
    "CreateTime": "20251225",
    "CreateBy": "639"
  },
  {
    "platformID": "ZRT13PLF_03_U",
    "platformName": "狭原站-2站台",
    "Situation": true,
    "Connect": true,
    "coordinate": {
      "x": 1443.5,
      "z": 7691.5
    },
    "lines": [
      {
        "ID": "ZRT13_01B_U",
        "Avaliable": true,
        "Overtaking": false,
        "getin": true,
        "getout": true,
        "NextOT": false
      }
    ],
    "Type": "Points",
    "Class": "PLF",
    "World": 0,
    "CreateTime": "20251225",
    "CreateBy": "639"
  },
  {
    "stationID": "狭原站",
    "stationName": "ZRT13STA_03",
    "coordinate": {
      "x": 1441.5,
      "z": 7691.5
    },
    "platforms": [
      {
        "ID": "ZRT13PLF_03_D"
      },
      {
        "ID": "ZRT13PLF_03_U"
      }
    ],
    "Type": "Points",
    "Class": "STA",
    "World": 0,
    "CreateTime": "20251225",
    "CreateBy": "639"
  },
  {
    "platformID": "ZRT13PLF_04_D",
    "platformName": "沙船站-1站台",
    "Situation": true,
    "Connect": true,
    "coordinate": {
      "x": 1148.5,
      "z": 8436.5
    },
    "lines": [
      {
        "ID": "ZRT13_01B_D",
        "Avaliable": true,
        "Overtaking": false,
        "getin": true,
        "getout": true,
        "NextOT": false
      }
    ],
    "Type": "Points",
    "Class": "PLF",
    "World": 0,
    "CreateTime": "20251225",
    "CreateBy": "639"
  },
  {
    "platformID": "ZRT13PLF_04_U",
    "platformName": "沙船站-2站台",
    "Situation": true,
    "Connect": true,
    "coordinate": {
      "x": 1152.5,
      "z": 8436.5
    },
    "lines": [
      {
        "ID": "ZRT13_01B_U",
        "Avaliable": true,
        "Overtaking": false,
        "getin": true,
        "getout": true,
        "NextOT": false
      }
    ],
    "Type": "Points",
    "Class": "PLF",
    "World": 0,
    "CreateTime": "20251225",
    "CreateBy": "639"
  },
  {
    "stationID": "ZRT13STA_04",
    "stationName": "沙船站",
    "coordinate": {
      "x": 1150.5,
      "z": 8436.5
    },
    "platforms": [
      {
        "ID": "ZRT13PLF_04_D"
      },
      {
        "ID": "ZRT13PLF_04_U"
      }
    ],
    "Type": "Points",
    "Class": "STA",
    "World": 0,
    "CreateTime": "20251225",
    "CreateBy": "639"
  },
  {
    "platformID": "ZRT13PLF_05_D",
    "platformName": "白风站-1站台",
    "Situation": true,
    "Connect": true,
    "coordinate": {
      "x": 1148.5,
      "z": 9412.5
    },
    "lines": [
      {
        "ID": "ZRT13_01B_D",
        "Avaliable": true,
        "Overtaking": false,
        "getin": true,
        "getout": true,
        "NextOT": false
      }
    ],
    "Type": "Points",
    "Class": "PLF",
    "World": 0,
    "CreateTime": "20251225",
    "CreateBy": "639"
  },
  {
    "platformID": "ZRT13PLF_05_U",
    "platformName": "白风站-2站台",
    "Situation": true,
    "Connect": true,
    "coordinate": {
      "x": 1152.5,
      "z": 9412.5
    },
    "lines": [
      {
        "ID": "ZRT13_01B_U",
        "Avaliable": true,
        "Overtaking": false,
        "getin": true,
        "getout": true,
        "NextOT": false
      }
    ],
    "Type": "Points",
    "Class": "PLF",
    "World": 0,
    "CreateTime": "20251225",
    "CreateBy": "639"
  },
  {
    "stationID": "ZRT13STA_05",
    "stationName": "白风站",
    "coordinate": {
      "x": 1150.5,
      "z": 9412.5
    },
    "platforms": [
      {
        "ID": "ZRT13PLF_05_D"
      },
      {
        "ID": "ZRT13PLF_05_D"
      }
    ],
    "Type": "Points",
    "Class": "STA",
    "World": 0,
    "CreateTime": "20251225",
    "CreateBy": "639"
  },
  {
    "platformID": "ZRT13PLF_06_D",
    "platformName": "桐山站-1站台",
    "Situation": true,
    "Connect": true,
    "coordinate": {
      "x": 817.5,
      "z": 9728.5
    },
    "lines": [
      {
        "ID": "ZRT13_01B_D",
        "Avaliable": true,
        "Overtaking": false,
        "getin": true,
        "getout": true,
        "NextOT": false
      }
    ],
    "Type": "Points",
    "Class": "PLF",
    "World": 0,
    "CreateTime": "20251225",
    "CreateBy": "639"
  },
  {
    "platformID": "ZRT13PLF_06_U",
    "platformName": "桐山站-2站台",
    "Situation": true,
    "Connect": true,
    "coordinate": {
      "x": 817.5,
      "z": 9732.5
    },
    "lines": [
      {
        "ID": "ZRT13_01B_U",
        "Avaliable": true,
        "Overtaking": false,
        "getin": true,
        "getout": true,
        "NextOT": false
      }
    ],
    "Type": "Points",
    "Class": "PLF",
    "World": 0,
    "CreateTime": "20251225",
    "CreateBy": "639"
  },
  {
    "stationID": "ZRT13STA_06",
    "stationName": "桐山站",
    "coordinate": {
      "x": 817.5,
      "z": 9730.5
    },
    "platforms": [
      {
        "ID": "ZRT13PLF_06_D"
      },
      {
        "ID": "ZRT13PLF_06_U"
      }
    ],
    "Type": "Points",
    "Class": "STA",
    "World": 0,
    "CreateTime": "20251225",
    "CreateBy": "639"
  },
  {
    "platformID": "ZRTL1PLF_01_D",
    "platformName": "连东东分离口",
    "Situation": true,
    "Connect": false,
    "coordinate": {
      "x": 1916.5,
      "z": 7045.5
    },
    "lines": [
      {
        "ID": "ZRTL1_01B",
        "Avaliable": true,
        "Overtaking": false,
        "getin": true,
        "getout": true,
        "NextOT": false
      },
      {
        "ID": "ZRTL1_01A",
        "Avaliable": true,
        "Overtaking": false,
        "getin": true,
        "getout": true,
        "NextOT": false
      }
    ],
    "Type": "Points",
    "Class": "PLF",
    "World": 0,
    "CreateTime": "20251225",
    "CreateBy": "639"
  },
  {
    "platformID": "ZRTL1PLF_02_D",
    "platformName": "星台南接入口",
    "Situation": true,
    "Connect": false,
    "coordinate": {
      "x": 1933.5,
      "z": 6911.5
    },
    "lines": [
      {
        "ID": "ZRTL1_01A",
        "Avaliable": true,
        "Overtaking": false,
        "getin": true,
        "getout": true,
        "NextOT": false
      },
      {
        "ID": "ZRT4_01C_U",
        "Avaliable": true,
        "Overtaking": false,
        "getin": true,
        "getout": true,
        "NextOT": false
      }
    ],
    "Type": "Points",
    "Class": "PLF",
    "World": 0,
    "CreateTime": "20251225",
    "CreateBy": "639"
  }
]