[
  {
    "LineID": "ZRT13_01B",
    "LineName": "溯铁13号线大陆段",
    "bureau": "T",
    "line": "13",
    "color": "63707E",
    "direction": 3,
    "startplf": "桐山",
    "endplf": "连东",
    "PLpoints": [
      [
        817.5,
        -64,
        9730.5
      ],
      [
        1097.5,
        -64,
        9730.5
      ],
      [
        1108.5,
        -64,
        9729.5
      ],
      [
        1114.5,
        -64,
        9728.5
      ],
      [
        1120.5,
        -64,
        9726.5
      ],
      [
        1126.5,
        -64,
        9723.5
      ],
      [
        1133.5,
        -64,
        9718.5
      ],
      [
        1138.5,
        -64,
        9713.5
      ],
      [
        1143.5,
        -64,
        9706.5
      ],
      [
        1146.5,
        -64,
        9700.5
      ],
      [
        1148.5,
        -64,
        9694.5
      ],
      [
        1149.5,
        -64,
        9688.5
      ],
      [
        1150.5,
        -64,
        9677.5
      ],
      [
        1150.5,
        -64,
        7967.5
      ],
      [
        1152.5,
        -64,
        7956.5
      ],
      [
        1154.5,
        -64,
        7950.5
      ],
      [
        1157.5,
        -64,
        7944.5
      ],
      [
        1162.5,
        -64,
        7937.5
      ],
      [
        1167.5,
        -64,
        7932.5
      ],
      [
        1174.5,
        -64,
        7927.5
      ],
      [
        1180.5,
        -64,
        7924.5
      ],
      [
        1186.5,
        -64,
        7922.5
      ],
      [
        1197.5,
        -64,
        7920.5
      ],
      [
        1392.5,
        -64,
        7920.5
      ],
      [
        1405.5,
        -64,
        7918.5
      ],
      [
        1411.5,
        -64,
        7916.5
      ],
      [
        1417.5,
        -64,
        7913.5
      ],
      [
        1424.5,
        -64,
        7908.5
      ],
      [
        1429.5,
        -64,
        7903.5
      ],
      [
        1434.5,
        -64,
        7896.5
      ],
      [
        1437.5,
        -64,
        7890.5
      ],
      [
        1439.5,
        -64,
        7884.5
      ],
      [
        1441.5,
        -64,
        7871.5
      ],
      [
        1441.5,
        -64,
        7112.5
      ],
      [
        1441.5,
        -64,
        7097.5
      ],
      [
        1445.5,
        -64,
        7082.5
      ],
      [
        1453.5,
        -64,
        7071.5
      ],
      [
        1464.5,
        -64,
        7063.5
      ],
      [
        1480.5,
        -64,
        7058.5
      ],
      [
        1489.5,
        -64,
        7057.5
      ],
      [
        1828.5,
        -64,
        7057.5
      ]
    ],
    "Type": "Polyline",
    "Class": "RLE",
    "World": 0,
    "CreateTime": "20251224",
    "CreateBy": "639"
  }
]