[
  {
    "LineID": "ZRT4_01B",
    "LineName": "溯铁4号线北庭段",
    "bureau": "T",
    "line": "4",
    "color": "FCEE21",
    "direction": 3,
    "startplf": "沁洄川",
    "endplf": "北庭",
    "PLpoints": [
      [
        5465.5,
        -64,
        4615.5
      ],
      [
        6738.5,
        -64,
        4615.5
      ],
      [
        6753.5,
        76,
        4614.5
      ],
      [
        6763.5,
        76,
        4611.5
      ],
      [
        6769.5,
        -64,
        4608.5
      ],
      [
        6776.5,
        -64,
        4603.5
      ],
      [
        6781.5,
        -64,
        4598.5
      ],
      [
        6786.5,
        -64,
        4591.5
      ],
      [
        6789.5,
        -64,
        4585.5
      ],
      [
        6792.5,
        -64,
        4575.5
      ],
      [
        6793.5,
        -64,
        4560.5
      ],
      [
        6793.5,
        -64,
        4246.5
      ],
      [
        6794.5,
        -64,
        4233.5
      ],
      [
        6797.5,
        -64,
        4223.5
      ],
      [
        6800.5,
        -64,
        4217.5
      ],
      [
        6805.5,
        76,
        4210.5
      ],
      [
        6810.5,
        -64,
        4205.5
      ],
      [
        6817.5,
        -64,
        4200.5
      ],
      [
        6823.5,
        -64,
        4197.5
      ],
      [
        6833.5,
        -64,
        4194.5
      ],
      [
        6847.5,
        -64,
        4193.5
      ],
      [
        7405.5,
        -64,
        4193.5
      ],
      [
        7423.5,
        -64,
        4191.5
      ],
      [
        7429.5,
        -64,
        4189.5
      ],
      [
        7435.5,
        -64,
        4186.5
      ],
      [
        7442.5,
        -64,
        4181.5
      ],
      [
        7447.5,
        -64,
        4176.5
      ],
      [
        7452.5,
        -64,
        4169.5
      ],
      [
        7455.5,
        -64,
        4163.5
      ],
      [
        7457.5,
        -64,
        4157.5
      ],
      [
        7459.5,
        -64,
        4139.5
      ],
      [
        7459.5,
        -64,
        3967.5
      ]
    ],
    "Type": "Polyline",
    "Class": "RLE",
    "World": 0,
    "CreateTime": "20251224",
    "CreateBy": "639"
  }
]