[
  {
    "LineID": "ZRT4_01A",
    "LineName": "溯铁4号线中央段",
    "bureau": "T",
    "line": "4",
    "color": "FCEE21",
    "direction": 3,
    "startplf": "岭上神社",
    "endplf": "沁洄川",
    "PLpoints": [
      [
        3425.5,
        -64,
        6175.5
      ],
      [
        4508.5,
        -64,
        6175.5
      ],
      [
        4518.5,
        -64,
        6174.5
      ],
      [
        4528.5,
        -64,
        6171.5
      ],
      [
        4534.5,
        -64,
        6168.5
      ],
      [
        4538.5,
        -64,
        6165.5
      ],
      [
        4542.5,
        -64,
        6162.5
      ],
      [
        4545.5,
        -64,
        6159.5
      ],
      [
        4548.5,
        -64,
        6155.5
      ],
      [
        4551.5,
        -64,
        6151.5
      ],
      [
        4554.5,
        -64,
        6145.5
      ],
      [
        4557.5,
        -64,
        6135.5
      ],
      [
        4558.5,
        -64,
        6126.5
      ],
      [
        4558.5,
        52,
        4663.5
      ],
      [
        4560.5,
        52,
        4650.5
      ],
      [
        4565.5,
        52,
        4639.5
      ],
      [
        4570.5,
        52,
        4632.5
      ],
      [
        4575.5,
        52,
        4627.5
      ],
      [
        4582.5,
        52,
        4622.5
      ],
      [
        4588.5,
        52,
        4619.5
      ],
      [
        4598.5,
        52,
        4616.5
      ],
      [
        4606.5,
        52,
        4615.5
      ],
      [
        5465.5,
        55,
        4615.5
      ]
    ],
    "Type": "Polyline",
    "Class": "RLE",
    "World": 0,
    "CreateTime": "20251224",
    "CreateBy": "639"
  }
]