[
  {
    "LineID": "ZRT4_01C",
    "LineName": "溯铁4号线岭澜段",
    "bureau": "T",
    "line": "3",
    "color": "FCEE21",
    "direction": 3,
    "startplf": "新桥",
    "endplf": "岭上神社",
    "PLpoints": [
      [
        1263.5,
        -64,
        6869.5
      ],
      [
        1396.5,
        -64,
        6869.5
      ],
      [
        1405.5,
        -64,
        6871.5
      ],
      [
        1411.5,
        -64,
        6873.5
      ],
      [
        1417.5,
        -64,
        6876.5
      ],
      [
        1424.5,
        -64,
        6881.5
      ],
      [
        1429.5,
        -64,
        6886.5
      ],
      [
        1434.5,
        -64,
        6893.5
      ],
      [
        1437.5,
        -64,
        6899.5
      ],
      [
        1439.5,
        -64,
        6905.5
      ],
      [
        1441.5,
        -64,
        6914.5
      ],
      [
        1441.5,
        -64,
        7009.5
      ],
      [
        1443.5,
        -64,
        7021.5
      ],
      [
        1445.5,
        -64,
        7027.5
      ],
      [
        1448.5,
        -64,
        7033.5
      ],
      [
        1453.5,
        -64,
        7040.5
      ],
      [
        1458.5,
        -64,
        7045.5
      ],
      [
        1465.5,
        74,
        7050.5
      ],
      [
        1471.5,
        -64,
        7053.5
      ],
      [
        1477.5,
        -64,
        7055.5
      ],
      [
        1489.5,
        -64,
        7057.5
      ],
      [
        1884.5,
        -64,
        7057.5
      ],
      [
        1895.5,
        -64,
        7055.5
      ],
      [
        1901.5,
        -64,
        7053.5
      ],
      [
        1907.5,
        -64,
        7050.5
      ],
      [
        1914.5,
        74,
        7045.5
      ],
      [
        1919.5,
        -64,
        7040.5
      ],
      [
        1924.5,
        -64,
        7033.5
      ],
      [
        1927.5,
        -64,
        7027.5
      ],
      [
        1929.5,
        -64,
        7021.5
      ],
      [
        1931.5,
        -64,
        7010.5
      ],
      [
        1931.5,
        -64,
        6691.5
      ],
      [
        1933.5,
        -64,
        6678.5
      ],
      [
        1935.5,
        -64,
        6672.5
      ],
      [
        1938.5,
        -64,
        6666.5
      ],
      [
        1943.5,
        -64,
        6659.5
      ],
      [
        1948.5,
        -64,
        6654.5
      ],
      [
        1955.5,
        -64,
        6649.5
      ],
      [
        1961.5,
        -64,
        6646.5
      ],
      [
        1967.5,
        -64,
        6644.5
      ],
      [
        1980.5,
        -64,
        6642.5
      ],
      [
        2965.5,
        -64,
        6642.5
      ],
      [
        2981.5,
        -64,
        6640.5
      ],
      [
        2987.5,
        -64,
        6638.5
      ],
      [
        2993.5,
        -64,
        6635.5
      ],
      [
        3000.5,
        -64,
        6630.5
      ],
      [
        3005.5,
        -64,
        6625.5
      ],
      [
        3010.5,
        -64,
        6618.5
      ],
      [
        3013.5,
        -64,
        6612.5
      ],
      [
        3015.5,
        -64,
        6606.5
      ],
      [
        3017.5,
        -64,
        6590.5
      ],
      [
        3017.5,
        -64,
        6225.5
      ],
      [
        3019.5,
        -64,
        6211.5
      ],
      [
        3021.5,
        -64,
        6205.5
      ],
      [
        3024.5,
        -64,
        6199.5
      ],
      [
        3029.5,
        -64,
        6192.5
      ],
      [
        3034.5,
        -64,
        6187.5
      ],
      [
        3041.5,
        -64,
        6182.5
      ],
      [
        3047.5,
        -64,
        6179.5
      ],
      [
        3053.5,
        -64,
        6177.5
      ],
      [
        3067.5,
        -64,
        6175.5
      ],
      [
        3425.5,
        -64,
        6175.5
      ]
    ],
    "Type": "Polyline",
    "Class": "RLE",
    "World": 0,
    "CreateTime": "20251223",
    "CreateBy": "639"
  }
]