[
  {
    "LineID": "ZRT7_01A",
    "LineName": "溯铁7号线溯北段",
    "bureau": "T",
    "line": "7",
    "color": "00A99D",
    "direction": 3,
    "startplf": "花森北山",
    "endplf": "溯东",
    "PLpoints": [
      [
        6141.5,
        80,
        3898.5
      ],
      [
        6141.5,
        -64,
        4176.5
      ],
      [
        6140.5,
        -64,
        4180.5
      ],
      [
        6139.5,
        -64,
        4183.5
      ],
      [
        6138.5,
        -64,
        4185.5
      ],
      [
        6135.5,
        -64,
        4187.5
      ],
      [
        6131.5,
        -64,
        4189.5
      ],
      [
        6128.5,
        -64,
        4189.5
      ],
      [
        5681.5,
        -64,
        4189.5
      ],
      [
        5675.5,
        -64,
        4191.5
      ],
      [
        5669.5,
        -64,
        4195.5
      ],
      [
        5665.5,
        -64,
        4201.5
      ],
      [
        5663.5,
        -64,
        4207.5
      ],
      [
        5663.5,
        53,
        4493.5
      ],
      [
        5661.5,
        52,
        4504.5
      ],
      [
        5659.5,
        52,
        4508.5
      ],
      [
        5657.5,
        52,
        4511.5
      ],
      [
        5654.5,
        52,
        4513.5
      ],
      [
        5650.5,
        52,
        4515.5
      ],
      [
        5639.5,
        51,
        4517.5
      ],
      [
        5486.5,
        41,
        4517.5
      ],
      [
        5480.5,
        41,
        4518.5
      ],
      [
        5474.5,
        41,
        4521.5
      ],
      [
        5471.5,
        41,
        4523.5
      ],
      [
        5469.5,
        41,
        4526.5
      ],
      [
        5466.5,
        41,
        4532.5
      ],
      [
        5465.5,
        41,
        4538.5
      ],
      [
        5465.5,
        53,
        4851.5
      ]
    ],
    "Type": "Polyline",
    "Class": "RLE",
    "World": 0,
    "CreateTime": "20251223",
    "CreateBy": "639"
  },
  {
    "LineID": "ZRT7_01B",
    "LineName": "溯铁7号线南海段",
    "bureau": "T",
    "line": "7",
    "color": "00A99D",
    "direction": 3,
    "startplf": "溯东",
    "endplf": "快镇花机",
    "PLpoints": [
      [
        5465.5,
        53,
        4851.5
      ],
      [
        5465.5,
        40,
        5391.5
      ],
      [
        5464.5,
        40,
        5401.5
      ],
      [
        5461.5,
        40,
        5407.5
      ],
      [
        5456.5,
        40,
        5412.5
      ],
      [
        5450.5,
        40,
        5415.5
      ],
      [
        5440.5,
        40,
        5416.5
      ],
      [
        5230.5,
        40,
        5416.5
      ],
      [
        5222.5,
        40,
        5417.5
      ],
      [
        5216.5,
        40,
        5420.5
      ],
      [
        5213.5,
        40,
        5422.5
      ],
      [
        5211.5,
        40,
        5425.5
      ],
      [
        5208.5,
        40,
        5431.5
      ],
      [
        5207.5,
        40,
        5439.5
      ],
      [
        5207.5,
        49,
        5954.5
      ],
      [
        5206.5,
        49,
        5964.5
      ],
      [
        5205.5,
        49,
        5973.5
      ],
      [
        5204.5,
        49,
        5979.5
      ],
      [
        5203.5,
        49,
        5985.5
      ],
      [
        5202.5,
        49,
        5989.5
      ],
      [
        5201.5,
        49,
        5993.5
      ],
      [
        5200.5,
        49,
        5997.5
      ],
      [
        5199.5,
        49,
        6001.5
      ],
      [
        5198.5,
        49,
        6005.5
      ],
      [
        5197.5,
        49,
        6009.5
      ],
      [
        5196.5,
        49,
        6013.5
      ],
      [
        5195.5,
        49,
        6017.5
      ],
      [
        5194.5,
        49,
        6023.5
      ],
      [
        5193.5,
        49,
        6029.5
      ],
      [
        5192.5,
        49,
        6038.5
      ],
      [
        5191.5,
        49,
        6048.5
      ],
      [
        5191.5,
        69,
        6686.5
      ]
    ],
    "Type": "Polyline",
    "Class": "RLE",
    "World": 0,
    "CreateTime": "20251223",
    "CreateBy": "639"
  },
  {
    "LineID": "ZRT7_01C",
    "LineName": "溯铁7号线田北段",
    "bureau": "T",
    "line": "7",
    "color": "00A99D",
    "direction": 3,
    "startplf": "快镇花机",
    "endplf": "守望者",
    "PLpoints": [
      [
        5191.5,
        -64,
        6686.5
      ],
      [
        5191.5,
        -64,
        6991.5
      ],
      [
        5192.5,
        -64,
        7006.5
      ],
      [
        5194.5,
        -64,
        7019.5
      ],
      [
        5199.5,
        -64,
        7044.5
      ],
      [
        5201.5,
        -64,
        7054.5
      ],
      [
        5203.5,
        -64,
        7064.5
      ],
      [
        5205.5,
        -64,
        7074.5
      ],
      [
        5207.5,
        -64,
        7084.5
      ],
      [
        5209.5,
        -64,
        7094.5
      ],
      [
        5211.5,
        -64,
        7104.5
      ],
      [
        5214.5,
        -64,
        7119.5
      ],
      [
        5216.5,
        -64,
        7132.5
      ],
      [
        5217.5,
        -64,
        7147.5
      ],
      [
        5219.5,
        82,
        7156.5
      ],
      [
        5222.5,
        82,
        7162.5
      ],
      [
        5226.5,
        82,
        7167.5
      ],
      [
        5231.5,
        82,
        7171.5
      ],
      [
        5237.5,
        82,
        7174.5
      ],
      [
        5246.5,
        82,
        7176.5
      ],
      [
        5249.5,
        82,
        7176.5
      ],
      [
        5258.5,
        82,
        7178.5
      ],
      [
        5264.5,
        82,
        7181.5
      ],
      [
        5269.5,
        82,
        7185.5
      ],
      [
        5273.5,
        82,
        7190.5
      ],
      [
        5276.5,
        82,
        7196.5
      ],
      [
        5278.5,
        82,
        7205.5
      ],
      [
        5278.5,
        57,
        8114.5
      ],
      [
        5277.5,
        57,
        8124.5
      ],
      [
        5275.5,
        57,
        8130.5
      ],
      [
        5273.5,
        57,
        8134.5
      ],
      [
        5269.5,
        57,
        8140.5
      ],
      [
        5266.5,
        57,
        8143.5
      ],
      [
        5260.5,
        57,
        8147.5
      ],
      [
        5256.5,
        57,
        8149.5
      ],
      [
        5250.5,
        57,
        8151.5
      ],
      [
        5240.5,
        57,
        8152.5
      ],
      [
        5105.5,
        55,
        8152.5
      ]
    ],
    "Type": "Polyline",
    "Class": "RLE",
    "World": 0,
    "CreateTime": "20251223",
    "CreateBy": "639"
  },
  {
    "platformID": "ZRT7PLF_01_D",
    "platformName": "花森北山站-1站台",
    "Situation": true,
    "Connect": true,
    "coordinate": {
      "x": 6141.5,
      "z": 3898.5
    },
    "lines": [
      {
        "ID": "ZRT7_01A_D",
        "Avaliable": true,
        "Overtaking": false,
        "getin": true,
        "getout": true,
        "NextOT": false
      }
    ],
    "Type": "Points",
    "Class": "PLF",
    "World": 0,
    "CreateTime": "20251225"
  },
  {
    "platformID": "ZRT7PLF_01_U",
    "platformName": "花森北山站-2站台",
    "Situation": true,
    "Connect": true,
    "coordinate": {
      "x": 6141.5,
      "z": 3898.5
    },
    "lines": [
      {
        "ID": "ZRT7_01A_U",
        "Avaliable": true,
        "Overtaking": false,
        "getin": true,
        "getout": true,
        "NextOT": false
      }
    ],
    "Type": "Points",
    "Class": "PLF",
    "World": 0,
    "CreateTime": "20251225"
  },
  {
    "stationID": "ZRT7STA_01",
    "stationName": "花森北山站",
    "coordinate": {
      "x": 6141.5,
      "z": 3898.5
    },
    "platforms": [
      {
        "ID": "ZRT7PLF_01_D"
      },
      {
        "ID": "ZRT7PLF_01_U"
      }
    ],
    "Type": "Points",
    "Class": "STA",
    "World": 0,
    "CreateTime": "20251225"
  },
  {
    "platformID": "ZRT7PLF_02_D",
    "platformName": "花森居前站-1站台",
    "Situation": true,
    "Connect": true,
    "coordinate": {
      "x": 6141.5,
      "z": 4080.5
    },
    "lines": [
      {
        "ID": "ZRT7_01A_D",
        "Avaliable": true,
        "Overtaking": false,
        "getin": true,
        "getout": true,
        "NextOT": false
      }
    ],
    "Type": "Points",
    "Class": "PLF",
    "World": 0,
    "CreateTime": "20251225"
  },
  {
    "platformID": "ZRT7PLF_02_U",
    "platformName": "花森居前站-2站台",
    "Situation": true,
    "Connect": true,
    "coordinate": {
      "x": 6141.5,
      "z": 4080.5
    },
    "lines": [
      {
        "ID": "ZRT7_01A_U",
        "Avaliable": true,
        "Overtaking": false,
        "getin": true,
        "getout": true,
        "NextOT": false
      }
    ],
    "Type": "Points",
    "Class": "PLF",
    "World": 0,
    "CreateTime": "20251225"
  },
  {
    "stationID": "ZRT7STA_02",
    "stationName": "花森居前站",
    "coordinate": {
      "x": 6141.5,
      "z": 4080.5
    },
    "platforms": [
      {
        "ID": "ZRT7PLF_02_D"
      },
      {
        "ID": "ZRT7PLF_02_U"
      }
    ],
    "Type": "Points",
    "Class": "STA",
    "World": 0,
    "CreateTime": "20251225"
  },
  {
    "platformID": "ZRT7PLF_03_D",
    "platformName": "花森站-3站台",
    "Situation": true,
    "Connect": true,
    "coordinate": {
      "x": 6066.5,
      "z": 4189.5
    },
    "lines": [
      {
        "ID": "ZRT7_01A_D",
        "Avaliable": true,
        "Overtaking": false,
        "getin": true,
        "getout": true,
        "NextOT": false
      }
    ],
    "Type": "Points",
    "Class": "PLF",
    "World": 0,
    "CreateTime": "20251225"
  },
  {
    "platformID": "ZRT7PLF_03_U",
    "platformName": "花森站-4站台",
    "Situation": true,
    "Connect": true,
    "coordinate": {
      "x": 6066.5,
      "z": 4189.5
    },
    "lines": [
      {
        "ID": "ZRT7_01A_U",
        "Avaliable": true,
        "Overtaking": false,
        "getin": true,
        "getout": true,
        "NextOT": false
      }
    ],
    "Type": "Points",
    "Class": "PLF",
    "World": 0,
    "CreateTime": "20251225"
  },
  {
    "stationID": "ZRT7STA_03",
    "stationName": "花森站",
    "coordinate": {
      "x": 6066.5,
      "z": 4189.5
    },
    "platforms": [
      {
        "ID": "ZRT7PLF_03_D"
      },
      {
        "ID": "ZRT7PLF_03_U"
      }
    ],
    "Type": "Points",
    "Class": "STA",
    "World": 0,
    "CreateTime": "20251225"
  },
  {
    "platformID": "ZRT7PLF_04_D",
    "platformName": "北岿站-1站台",
    "Situation": true,
    "Connect": true,
    "coordinate": {
      "x": 5663.5,
      "z": 4384.5
    },
    "lines": [
      {
        "ID": "ZRT7_01A_D",
        "Avaliable": true,
        "Overtaking": false,
        "getin": true,
        "getout": true,
        "NextOT": false
      }
    ],
    "Type": "Points",
    "Class": "PLF",
    "World": 0,
    "CreateTime": "20251225"
  },
  {
    "platformID": "ZRT7PLF_04_U",
    "platformName": "北岿站-2站台",
    "Situation": true,
    "Connect": true,
    "coordinate": {
      "x": 5663.5,
      "z": 4384.5
    },
    "lines": [
      {
        "ID": "ZRT7_01A_U",
        "Avaliable": true,
        "Overtaking": false,
        "getin": true,
        "getout": true,
        "NextOT": false
      }
    ],
    "Type": "Points",
    "Class": "PLF",
    "World": 0,
    "CreateTime": "20251225"
  },
  {
    "stationID": "ZRT7STA_04",
    "stationName": "北岿站",
    "coordinate": {
      "x": 5663.5,
      "z": 4384.5
    },
    "platforms": [
      {
        "ID": "ZRT7PLF_04_D"
      },
      {
        "ID": "ZRT7PLF_04_U"
      }
    ],
    "Type": "Points",
    "Class": "STA",
    "World": 0,
    "CreateTime": "20251225"
  },
  {
    "platformID": "ZRT7PLF_05_D",
    "platformName": "沁洄川站-3站台",
    "Situation": true,
    "Connect": true,
    "coordinate": {
      "x": 5465.5,
      "z": 4615.5
    },
    "lines": [
      {
        "ID": "ZRT7_01A_D",
        "Avaliable": true,
        "Overtaking": false,
        "getin": true,
        "getout": true,
        "NextOT": false
      }
    ],
    "Type": "Points",
    "Class": "PLF",
    "World": 0,
    "CreateTime": "20251225"
  },
  {
    "platformID": "ZRT7PLF_05_U",
    "platformName": "沁洄川站-4站台",
    "Situation": true,
    "Connect": true,
    "coordinate": {
      "x": 5465.5,
      "z": 4615.5
    },
    "lines": [
      {
        "ID": "ZRT7_01A_U",
        "Avaliable": true,
        "Overtaking": false,
        "getin": true,
        "getout": true,
        "NextOT": false
      }
    ],
    "Type": "Points",
    "Class": "PLF",
    "World": 0,
    "CreateTime": "20251225"
  },
  {
    "stationID": "ZRT7STA_05",
    "stationName": "沁洄川站",
    "coordinate": {
      "x": 5465.5,
      "z": 4615.5
    },
    "platforms": [
      {
        "ID": "ZRT7PLF_05_D"
      },
      {
        "ID": "ZRT7PLF_05_U"
      }
    ],
    "Type": "Points",
    "Class": "STA",
    "World": 0,
    "CreateTime": "20251225"
  },
  {
    "platformID": "ZRT7PLF_06_D",
    "platformName": "溯东站-3站台",
    "Situation": true,
    "Connect": true,
    "coordinate": {
      "x": 5465.5,
      "z": 4851.5
    },
    "lines": [
      {
        "ID": "ZRT7_01A_D",
        "Avaliable": true,
        "Overtaking": false,
        "getin": true,
        "getout": true,
        "NextOT": false
      },
      {
        "ID": "ZRT7_01B_D",
        "Avaliable": true,
        "Overtaking": false,
        "getin": true,
        "getout": true,
        "NextOT": false
      }
    ],
    "Type": "Points",
    "Class": "PLF",
    "World": 0,
    "CreateTime": "20251225"
  },
  {
    "platformID": "ZRT7PLF_06_U",
    "platformName": "溯东站-4站台",
    "Situation": true,
    "Connect": true,
    "coordinate": {
      "x": 5465.5,
      "z": 4851.5
    },
    "lines": [
      {
        "ID": "ZRT7_01A_U",
        "Avaliable": true,
        "Overtaking": false,
        "getin": true,
        "getout": true,
        "NextOT": false
      },
      {
        "ID": "ZRT7_01B_U",
        "Avaliable": true,
        "Overtaking": false,
        "getin": true,
        "getout": true,
        "NextOT": false
      }
    ],
    "Type": "Points",
    "Class": "PLF",
    "World": 0,
    "CreateTime": "20251225"
  },
  {
    "stationID": "ZRT7STA_06",
    "stationName": "溯东站",
    "coordinate": {
      "x": 5465.5,
      "z": 4851.5
    },
    "platforms": [
      {
        "ID": "ZRT7PLF_06_D"
      },
      {
        "ID": "ZRT7PLF_06_U"
      }
    ],
    "Type": "Points",
    "Class": "STA",
    "World": 0,
    "CreateTime": "20251225"
  },
  {
    "platformID": "ZRT7PLF_07_D",
    "platformName": "空言海岸站-1站台",
    "Situation": true,
    "Connect": true,
    "coordinate": {
      "x": 5465.5,
      "z": 5202.5
    },
    "lines": [
      {
        "ID": "ZRT7_01B_D",
        "Avaliable": true,
        "Overtaking": false,
        "getin": true,
        "getout": true,
        "NextOT": false
      }
    ],
    "Type": "Points",
    "Class": "PLF",
    "World": 0,
    "CreateTime": "20251225"
  },
  {
    "platformID": "ZRT7PLF_07_U",
    "platformName": "空言海岸站-2站台",
    "Situation": true,
    "Connect": true,
    "coordinate": {
      "x": 5465.5,
      "z": 5202.5
    },
    "lines": [
      {
        "ID": "ZRT7_01B_U",
        "Avaliable": true,
        "Overtaking": false,
        "getin": true,
        "getout": true,
        "NextOT": false
      }
    ],
    "Type": "Points",
    "Class": "PLF",
    "World": 0,
    "CreateTime": "20251225"
  },
  {
    "stationID": "ZRT7STA_07",
    "stationName": "空言海岸站",
    "coordinate": {
      "x": 5465.5,
      "z": 5202.5
    },
    "platforms": [
      {
        "ID": "ZRT7PLF_07_D"
      },
      {
        "ID": "ZRT7PLF_07_U"
      }
    ],
    "Type": "Points",
    "Class": "STA",
    "World": 0,
    "CreateTime": "20251225"
  },
  {
    "platformID": "ZRT7PLF_08_D",
    "platformName": "外港站-1站台",
    "Situation": true,
    "Connect": true,
    "coordinate": {
      "x": 5465.5,
      "z": 5341.5
    },
    "lines": [
      {
        "ID": "ZRT7_01B_D",
        "Avaliable": true,
        "Overtaking": false,
        "getin": true,
        "getout": true,
        "NextOT": false
      }
    ],
    "Type": "Points",
    "Class": "PLF",
    "World": 0,
    "CreateTime": "20251225"
  },
  {
    "platformID": "ZRT7PLF_08_U",
    "platformName": "外港站-2站台",
    "Situation": true,
    "Connect": true,
    "coordinate": {
      "x": 5465.5,
      "z": 5341.5
    },
    "lines": [
      {
        "ID": "ZRT7_01B_U",
        "Avaliable": true,
        "Overtaking": false,
        "getin": true,
        "getout": true,
        "NextOT": false
      }
    ],
    "Type": "Points",
    "Class": "PLF",
    "World": 0,
    "CreateTime": "20251225"
  },
  {
    "stationID": "ZRT7STA_08",
    "stationName": "外港站",
    "coordinate": {
      "x": 5465.5,
      "z": 5341.5
    },
    "platforms": [
      {
        "ID": "ZRT7PLF_08_D"
      },
      {
        "ID": "ZRT7PLF_08_U"
      }
    ],
    "Type": "Points",
    "Class": "STA",
    "World": 0,
    "CreateTime": "20251225"
  },
  {
    "platformID": "ZRT7PLF_09_D",
    "platformName": "庇所站-1站台",
    "Situation": true,
    "Connect": true,
    "coordinate": {
      "x": 5280.5,
      "z": 5416.5
    },
    "lines": [
      {
        "ID": "ZRT7_01B_D",
        "Avaliable": true,
        "Overtaking": false,
        "getin": true,
        "getout": true,
        "NextOT": false
      }
    ],
    "Type": "Points",
    "Class": "PLF",
    "World": 0,
    "CreateTime": "20251225"
  },
  {
    "platformID": "ZRT7PLF_09_U",
    "platformName": "庇所站-2站台",
    "Situation": true,
    "Connect": true,
    "coordinate": {
      "x": 5280.5,
      "z": 5416.5
    },
    "lines": [
      {
        "ID": "ZRT7_01B_U",
        "Avaliable": true,
        "Overtaking": false,
        "getin": true,
        "getout": true,
        "NextOT": false
      }
    ],
    "Type": "Points",
    "Class": "PLF",
    "World": 0,
    "CreateTime": "20251225"
  },
  {
    "stationID": "ZRT7STA_09",
    "stationName": "庇所站",
    "coordinate": {
      "x": 5280.5,
      "z": 5416.5
    },
    "platforms": [
      {
        "ID": "ZRT7PLF_09_D"
      },
      {
        "ID": "ZRT7PLF_09_U"
      }
    ],
    "Type": "Points",
    "Class": "STA",
    "World": 0,
    "CreateTime": "20251225"
  },
  {
    "platformID": "ZRT7PLF_10_D",
    "platformName": "提岛花机站-1站台",
    "Situation": true,
    "Connect": true,
    "coordinate": {
      "x": 5207.5,
      "z": 5899.5
    },
    "lines": [
      {
        "ID": "ZRT7_01B_D",
        "Avaliable": true,
        "Overtaking": false,
        "getin": true,
        "getout": true,
        "NextOT": false
      }
    ],
    "Type": "Points",
    "Class": "PLF",
    "World": 0,
    "CreateTime": "20251225"
  },
  {
    "platformID": "ZRT7PLF_10_U",
    "platformName": "提岛花机站-2站台",
    "Situation": true,
    "Connect": true,
    "coordinate": {
      "x": 5207.5,
      "z": 5899.5
    },
    "lines": [
      {
        "ID": "ZRT7_01B_U",
        "Avaliable": true,
        "Overtaking": false,
        "getin": true,
        "getout": true,
        "NextOT": false
      }
    ],
    "Type": "Points",
    "Class": "PLF",
    "World": 0,
    "CreateTime": "20251225"
  },
  {
    "stationID": "ZRT7STA_10",
    "stationName": "提岛花机站",
    "coordinate": {
      "x": 5207.5,
      "z": 5899.5
    },
    "platforms": [
      {
        "ID": "ZRT7PLF_10_D"
      },
      {
        "ID": "ZRT7PLF_10_U"
      }
    ],
    "Type": "Points",
    "Class": "STA",
    "World": 0,
    "CreateTime": "20251225"
  },
  {
    "platformID": "ZRT7PLF_11_D",
    "platformName": "南滨站-1站台",
    "Situation": true,
    "Connect": true,
    "coordinate": {
      "x": 5191.5,
      "z": 6305.5
    },
    "lines": [
      {
        "ID": "ZRT7_01B_D",
        "Avaliable": true,
        "Overtaking": false,
        "getin": true,
        "getout": true,
        "NextOT": false
      }
    ],
    "Type": "Points",
    "Class": "PLF",
    "World": 0,
    "CreateTime": "20251225"
  },
  {
    "platformID": "ZRT7PLF_11_U",
    "platformName": "南滨站-2站台",
    "Situation": true,
    "Connect": true,
    "coordinate": {
      "x": 5191.5,
      "z": 6305.5
    },
    "lines": [
      {
        "ID": "ZRT7_01B_U",
        "Avaliable": true,
        "Overtaking": false,
        "getin": true,
        "getout": true,
        "NextOT": false
      }
    ],
    "Type": "Points",
    "Class": "PLF",
    "World": 0,
    "CreateTime": "20251225"
  },
  {
    "stationID": "ZRT7STA_11",
    "stationName": "南滨站",
    "coordinate": {
      "x": 5191.5,
      "z": 6305.5
    },
    "platforms": [
      {
        "ID": "ZRT7PLF_11_D"
      },
      {
        "ID": "ZRT7PLF_11_U"
      }
    ],
    "Type": "Points",
    "Class": "STA",
    "World": 0,
    "CreateTime": "20251225"
  },
  {
    "platformID": "ZRT7PLF_12_D",
    "platformName": "快镇花机站-1站台",
    "Situation": true,
    "Connect": true,
    "coordinate": {
      "x": 5191.5,
      "z": 6686.5
    },
    "lines": [
      {
        "ID": "ZRT7_01B_D",
        "Avaliable": true,
        "Overtaking": false,
        "getin": true,
        "getout": true,
        "NextOT": false
      },
      {
        "ID": "ZRT7_01C_D",
        "Avaliable": true,
        "Overtaking": false,
        "getin": true,
        "getout": true,
        "NextOT": false
      }
    ],
    "Type": "Points",
    "Class": "PLF",
    "World": 0,
    "CreateTime": "20251225"
  },
  {
    "platformID": "ZRT7PLF_12_D",
    "platformName": "快镇花机站-2站台",
    "Situation": true,
    "Connect": true,
    "coordinate": {
      "x": 5191.5,
      "z": 6686.5
    },
    "lines": [
      {
        "ID": "ZRT7_01B_U",
        "Avaliable": true,
        "Overtaking": false,
        "getin": true,
        "getout": true,
        "NextOT": false
      },
      {
        "ID": "ZRT7_01C_U",
        "Avaliable": true,
        "Overtaking": false,
        "getin": true,
        "getout": true,
        "NextOT": false
      }
    ],
    "Type": "Points",
    "Class": "PLF",
    "World": 0,
    "CreateTime": "20251225"
  },
  {
    "stationID": "ZRT7STA_12",
    "stationName": "快镇花机站",
    "coordinate": {
      "x": 5191.5,
      "z": 6686.5
    },
    "platforms": [
      {
        "ID": "ZRT7PLF_12_D"
      },
      {
        "ID": "ZRT7PLF_12_D"
      }
    ],
    "Type": "Points",
    "Class": "STA",
    "World": 0,
    "CreateTime": "20251225"
  },
  {
    "platformID": "ZRT7PLF_13_D",
    "platformName": "庐台站-1站台",
    "Situation": true,
    "Connect": true,
    "coordinate": {
      "x": 5278.5,
      "z": 7235.5
    },
    "lines": [
      {
        "ID": "ZRT7_01C_D",
        "Avaliable": true,
        "Overtaking": false,
        "getin": true,
        "getout": true,
        "NextOT": false
      }
    ],
    "Type": "Points",
    "Class": "PLF",
    "World": 0,
    "CreateTime": "20251225"
  },
  {
    "platformID": "ZRT7PLF_13_U",
    "platformName": "庐台站-2站台",
    "Situation": true,
    "Connect": true,
    "coordinate": {
      "x": 5278.5,
      "z": 7235.5
    },
    "lines": [
      {
        "ID": "ZRT7_01C_U",
        "Avaliable": true,
        "Overtaking": false,
        "getin": true,
        "getout": true,
        "NextOT": false
      }
    ],
    "Type": "Points",
    "Class": "PLF",
    "World": 0,
    "CreateTime": "20251225"
  },
  {
    "stationID": "ZRT7STA_13",
    "stationName": "庐台站",
    "coordinate": {
      "x": 5278.5,
      "z": 7235.5
    },
    "platforms": [
      {
        "ID": "ZRT7PLF_13_D"
      },
      {
        "ID": "ZRT7PLF_13_U"
      }
    ],
    "Type": "Points",
    "Class": "STA",
    "World": 0,
    "CreateTime": "20251225"
  },
  {
    "platformID": "ZRT7PLF_14_D",
    "platformName": "天柱山站-1站台",
    "Situation": true,
    "Connect": true,
    "coordinate": {
      "x": 5278.5,
      "z": 7445.5
    },
    "lines": [
      {
        "ID": "ZRT7_01C_D",
        "Avaliable": true,
        "Overtaking": false,
        "getin": true,
        "getout": true,
        "NextOT": false
      }
    ],
    "Type": "Points",
    "Class": "PLF",
    "World": 0,
    "CreateTime": "20251225"
  },
  {
    "platformID": "ZRT7PLF_14_U",
    "platformName": "天柱山站-2站台",
    "Situation": true,
    "Connect": true,
    "coordinate": {
      "x": 5278.5,
      "z": 7445.5
    },
    "lines": [
      {
        "ID": "ZRT7_01C_U",
        "Avaliable": true,
        "Overtaking": false,
        "getin": true,
        "getout": true,
        "NextOT": false
      }
    ],
    "Type": "Points",
    "Class": "PLF",
    "World": 0,
    "CreateTime": "20251225"
  },
  {
    "stationID": "ZRT7STA_14",
    "stationName": "天柱山站",
    "coordinate": {
      "x": 5278.5,
      "z": 7445.5
    },
    "platforms": [
      {
        "ID": "ZRT7PLF_14_D"
      },
      {
        "ID": "ZRT7PLF_14_U"
      }
    ],
    "Type": "Points",
    "Class": "STA",
    "World": 0,
    "CreateTime": "20251225"
  },
  {
    "platformID": "ZRT7PLF_15_D",
    "platformName": "终点站-1站台",
    "Situation": true,
    "Connect": true,
    "coordinate": {
      "x": 5278.5,
      "z": 8099.5
    },
    "lines": [
      {
        "ID": "ZRT7_01C_D",
        "Avaliable": true,
        "Overtaking": false,
        "getin": true,
        "getout": true,
        "NextOT": false
      }
    ],
    "Type": "Points",
    "Class": "PLF",
    "World": 0,
    "CreateTime": "20251225"
  },
  {
    "platformID": "ZRT7PLF_15_U",
    "platformName": "终点站-2站台",
    "Situation": true,
    "Connect": true,
    "coordinate": {
      "x": 5278.5,
      "z": 8099.5
    },
    "lines": [
      {
        "ID": "ZRT7_01C_U",
        "Avaliable": true,
        "Overtaking": false,
        "getin": true,
        "getout": true,
        "NextOT": false
      }
    ],
    "Type": "Points",
    "Class": "PLF",
    "World": 0,
    "CreateTime": "20251225"
  },
  {
    "stationID": "ZRT7STA_15",
    "stationName": "终点站",
    "coordinate": {
      "x": 5278.5,
      "z": 8099.5
    },
    "platforms": [
      {
        "ID": "ZRT7PLF_15_D"
      },
      {
        "ID": "ZRT7PLF_15_U"
      }
    ],
    "Type": "Points",
    "Class": "STA",
    "World": 0,
    "CreateTime": "20251225"
  },
  {
    "platformID": "ZRT7PLF_16_D",
    "platformName": "守望者站-1站台",
    "Situation": true,
    "Connect": true,
    "coordinate": {
      "x": 5105.5,
      "z": 8152.5
    },
    "lines": [
      {
        "ID": "ZRT7_01C_D",
        "Avaliable": true,
        "Overtaking": false,
        "getin": true,
        "getout": true,
        "NextOT": false
      }
    ],
    "Type": "Points",
    "Class": "PLF",
    "World": 0,
    "CreateTime": "20251225"
  },
  {
    "platformID": "ZRT7PLF_16_U",
    "platformName": "守望者站-2站台",
    "Situation": true,
    "Connect": true,
    "coordinate": {
      "x": 5105.5,
      "z": 8152.5
    },
    "lines": [
      {
        "ID": "ZRT7_01C_U",
        "Avaliable": true,
        "Overtaking": false,
        "getin": true,
        "getout": true,
        "NextOT": false
      }
    ],
    "Type": "Points",
    "Class": "PLF",
    "World": 0,
    "CreateTime": "20251225"
  },
  {
    "stationID": "ZRT7STA_16",
    "stationName": "守望者站",
    "coordinate": {
      "x": 5105.5,
      "z": 8152.5
    },
    "platforms": [
      {
        "ID": "ZRT7PLF_16_D"
      },
      {
        "ID": "ZRT7PLF_16_U"
      }
    ],
    "Type": "Points",
    "Class": "STA",
    "World": 0,
    "CreateTime": "20251225"
  }
]