[
  {
    "LineID": "ZRT7_01B_D",
    "LineName": "溯铁7号线南海段-下行",
    "bureau": "T",
    "line": "7",
    "color": "00A99D",
    "direction": 0,
    "startplf": "溯东",
    "endplf": "快镇花机",
    "PLpoints": [
      [
        5465.5,
        53,
        4851.5
      ],
      [
        5465.5,
        40,
        5391.5
      ],
      [
        5464.5,
        40,
        5401.5
      ],
      [
        5461.5,
        40,
        5407.5
      ],
      [
        5456.5,
        40,
        5412.5
      ],
      [
        5450.5,
        40,
        5415.5
      ],
      [
        5440.5,
        40,
        5416.5
      ],
      [
        5230.5,
        40,
        5416.5
      ],
      [
        5222.5,
        40,
        5417.5
      ],
      [
        5216.5,
        40,
        5420.5
      ],
      [
        5213.5,
        40,
        5422.5
      ],
      [
        5211.5,
        40,
        5425.5
      ],
      [
        5208.5,
        40,
        5431.5
      ],
      [
        5207.5,
        40,
        5439.5
      ],
      [
        5207.5,
        49,
        5954.5
      ],
      [
        5206.5,
        49,
        5964.5
      ],
      [
        5205.5,
        49,
        5973.5
      ],
      [
        5204.5,
        49,
        5979.5
      ],
      [
        5203.5,
        49,
        5985.5
      ],
      [
        5202.5,
        49,
        5989.5
      ],
      [
        5201.5,
        49,
        5993.5
      ],
      [
        5200.5,
        49,
        5997.5
      ],
      [
        5199.5,
        49,
        6001.5
      ],
      [
        5198.5,
        49,
        6005.5
      ],
      [
        5197.5,
        49,
        6009.5
      ],
      [
        5196.5,
        49,
        6013.5
      ],
      [
        5195.5,
        49,
        6017.5
      ],
      [
        5194.5,
        49,
        6023.5
      ],
      [
        5193.5,
        49,
        6029.5
      ],
      [
        5192.5,
        49,
        6038.5
      ],
      [
        5191.5,
        49,
        6048.5
      ],
      [
        5191.5,
        69,
        6686.5
      ]
    ],
    "Type": "Polyline",
    "Class": "RLE",
    "World": 0,
    "CreateTime": "20251223",
    "CreateBy": "639",
    "ModifityTime": "20251224",
    "ModifityBy": "639"
  }
]