[
  {
    "LineID": "ZRT7_01A",
    "LineName": "溯铁7号线溯北段",
    "bureau": "T",
    "line": "7",
    "color": "00A99D",
    "direction": 3,
    "startplf": "花森北山",
    "endplf": "溯东",
    "PLpoints": [
      [
        6141.5,
        80,
        3898.5
      ],
      [
        6141.5,
        -64,
        4176.5
      ],
      [
        6140.5,
        -64,
        4180.5
      ],
      [
        6139.5,
        -64,
        4183.5
      ],
      [
        6138.5,
        -64,
        4185.5
      ],
      [
        6135.5,
        -64,
        4187.5
      ],
      [
        6131.5,
        -64,
        4189.5
      ],
      [
        6128.5,
        -64,
        4189.5
      ],
      [
        5681.5,
        -64,
        4189.5
      ],
      [
        5675.5,
        -64,
        4191.5
      ],
      [
        5669.5,
        -64,
        4195.5
      ],
      [
        5665.5,
        -64,
        4201.5
      ],
      [
        5663.5,
        -64,
        4207.5
      ],
      [
        5663.5,
        53,
        4493.5
      ],
      [
        5661.5,
        52,
        4504.5
      ],
      [
        5659.5,
        52,
        4508.5
      ],
      [
        5657.5,
        52,
        4511.5
      ],
      [
        5654.5,
        52,
        4513.5
      ],
      [
        5650.5,
        52,
        4515.5
      ],
      [
        5639.5,
        51,
        4517.5
      ],
      [
        5486.5,
        41,
        4517.5
      ],
      [
        5480.5,
        41,
        4518.5
      ],
      [
        5474.5,
        41,
        4521.5
      ],
      [
        5471.5,
        41,
        4523.5
      ],
      [
        5469.5,
        41,
        4526.5
      ],
      [
        5466.5,
        41,
        4532.5
      ],
      [
        5465.5,
        41,
        4538.5
      ],
      [
        5465.5,
        53,
        4851.5
      ]
    ],
    "Type": "Polyline",
    "Class": "RLE",
    "World": 0,
    "CreateTime": "20251223",
    "CreateBy": "639"
  }
]