[
  {
    "LineID": "ZRT7_01C",
    "LineName": "溯铁7号线田北段",
    "bureau": "T",
    "line": "7",
    "color": "00A99D",
    "direction": 3,
    "startplf": "快镇花机",
    "endplf": "守望者",
    "PLpoints": [
      [
        5191.5,
        -64,
        6686.5
      ],
      [
        5191.5,
        -64,
        6991.5
      ],
      [
        5192.5,
        -64,
        7006.5
      ],
      [
        5194.5,
        -64,
        7019.5
      ],
      [
        5199.5,
        -64,
        7044.5
      ],
      [
        5201.5,
        -64,
        7054.5
      ],
      [
        5203.5,
        -64,
        7064.5
      ],
      [
        5205.5,
        -64,
        7074.5
      ],
      [
        5207.5,
        -64,
        7084.5
      ],
      [
        5209.5,
        -64,
        7094.5
      ],
      [
        5211.5,
        -64,
        7104.5
      ],
      [
        5214.5,
        -64,
        7119.5
      ],
      [
        5216.5,
        -64,
        7132.5
      ],
      [
        5217.5,
        -64,
        7147.5
      ],
      [
        5219.5,
        82,
        7156.5
      ],
      [
        5222.5,
        82,
        7162.5
      ],
      [
        5226.5,
        82,
        7167.5
      ],
      [
        5231.5,
        82,
        7171.5
      ],
      [
        5237.5,
        82,
        7174.5
      ],
      [
        5246.5,
        82,
        7176.5
      ],
      [
        5249.5,
        82,
        7176.5
      ],
      [
        5258.5,
        82,
        7178.5
      ],
      [
        5264.5,
        82,
        7181.5
      ],
      [
        5269.5,
        82,
        7185.5
      ],
      [
        5273.5,
        82,
        7190.5
      ],
      [
        5276.5,
        82,
        7196.5
      ],
      [
        5278.5,
        82,
        7205.5
      ],
      [
        5278.5,
        57,
        8114.5
      ],
      [
        5277.5,
        57,
        8124.5
      ],
      [
        5275.5,
        57,
        8130.5
      ],
      [
        5273.5,
        57,
        8134.5
      ],
      [
        5269.5,
        57,
        8140.5
      ],
      [
        5266.5,
        57,
        8143.5
      ],
      [
        5260.5,
        57,
        8147.5
      ],
      [
        5256.5,
        57,
        8149.5
      ],
      [
        5250.5,
        57,
        8151.5
      ],
      [
        5240.5,
        57,
        8152.5
      ],
      [
        5105.5,
        55,
        8152.5
      ]
    ],
    "Type": "Polyline",
    "Class": "RLE",
    "World": 0,
    "CreateTime": "20251223",
    "CreateBy": "639"
  }
]