[
  {
    "LineID": "ZRTL1_01A",
    "LineName": "溯铁4/13号线-星台联络线",
    "bureau": "T",
    "color": "ED1C24",
    "direction": 4,
    "startplf": "连东东分离口",
    "endplf": "星台南接入口",
    "PLpoints": [
      [
        1916.5,
        -64,
        7045.5
      ],
      [
        1935.5,
        -64,
        7045.5
      ],
      [
        1943.5,
        -64,
        7043.5
      ],
      [
        1956.5,
        -64,
        7037.5
      ],
      [
        1964.5,
        -64,
        7029.5
      ],
      [
        1969.5,
        -64,
        7022.5
      ],
      [
        1972.5,
        -64,
        7011.5
      ],
      [
        1973.5,
        -64,
        7007.5
      ],
      [
        1973.5,
        -64,
        6992.5
      ],
      [
        1972.5,
        -64,
        6986.5
      ],
      [
        1971.5,
        -64,
        6982.5
      ],
      [
        1970.5,
        -64,
        6979.5
      ],
      [
        1969.5,
        -64,
        6976.5
      ],
      [
        1968.5,
        -64,
        6973.5
      ],
      [
        1964.5,
        -64,
        6965.5
      ],
      [
        1960.5,
        -64,
        6959.5
      ],
      [
        1957.5,
        -64,
        6955.5
      ],
      [
        1949.5,
        -64,
        6948.5
      ],
      [
        1946.5,
        -64,
        6944.5
      ],
      [
        1942.5,
        -64,
        6938.5
      ],
      [
        1938.5,
        -64,
        6930.5
      ],
      [
        1937.5,
        -64,
        6927.5
      ],
      [
        1936.5,
        -64,
        6924.5
      ],
      [
        1935.5,
        -64,
        6921.5
      ],
      [
        1934.5,
        -64,
        6917.5
      ],
      [
        1933.5,
        -64,
        6911.5
      ]
    ],
    "Type": "Polyline",
    "Class": "RLE",
    "World": 0,
    "CreateTime": "20251224",
    "CreateBy": "639"
  }
]